,Date,Production,Nordpool,LSTM,ARIMA,XGB
0,2023-11-30 00:00:00,1135.0,1032.0,1083.6896,1091.5351731838423,1076.7355
1,2023-11-30 01:00:00,1051.0,980.0,1160.4886,1171.5592076334751,1180.4031
2,2023-11-30 02:00:00,975.0,915.0,984.7085599999999,988.174771387626,840.9079
3,2023-11-30 03:00:00,992.0,855.0,932.3009,979.9524014408977,918.1700400000001
4,2023-11-30 04:00:00,1010.0,797.0,1020.39905,1012.1480895869696,1029.493
5,2023-11-30 05:00:00,938.0,815.0,1023.7937599999999,1021.0216390600713,913.8905599999999
6,2023-11-30 06:00:00,941.0,864.0,880.5137300000001,900.6502326587313,923.77155
7,2023-11-30 07:00:00,905.0,835.0,959.8670699999999,979.647312401924,926.8375
8,2023-11-30 08:00:00,797.0,754.0,874.50385,873.4950789795759,855.4195
9,2023-11-30 09:00:00,903.0,688.0,717.3468,766.5868926397418,735.82654
10,2023-11-30 10:00:00,946.0,627.0,1014.72675,1001.6535750985877,1019.06146
11,2023-11-30 11:00:00,969.0,595.0,961.3322,925.3505854670927,1040.1581
12,2023-11-30 12:00:00,1112.0,634.0,984.6726699999999,1009.090646009478,1031.6154
13,2023-11-30 13:00:00,1377.0,757.0,1226.0096,1185.6627192378544,1315.8533
14,2023-11-30 14:00:00,1692.0,995.0,1567.9255,1499.6897015524726,1604.2839
15,2023-11-30 15:00:00,1749.0,1182.0,1902.1827,1808.757967080689,1837.3099
16,2023-11-30 16:00:00,1909.0,1276.0,1730.0328,1709.1558201297355,1662.3341
17,2023-11-30 17:00:00,2055.0,1369.0,2020.9539,2025.8932795646745,2045.4802
18,2023-11-30 18:00:00,2311.0,1423.0,2134.8,2063.59606653727,2225.6545
19,2023-11-30 19:00:00,2540.0,1449.0,2487.3838,2448.869630355251,2471.2617
20,2023-11-30 20:00:00,2610.0,1411.0,2676.3057,2576.7852454391896,2457.6711
21,2023-11-30 21:00:00,2605.0,1433.0,2614.0327,2609.642966654704,2633.9648
22,2023-11-30 22:00:00,2492.0,1539.0,2575.1428,2581.4101037988753,2424.9224
23,2023-11-30 23:00:00,2358.0,1622.0,2383.5354,2418.485423470086,2246.1555
24,2023-12-01 00:00:00,2017.0,1940.0,2257.2473,2305.0920125614143,2141.0767
25,2023-12-01 01:00:00,1882.0,1997.0,1750.2864,1830.8203911457574,1701.5193
26,2023-12-01 02:00:00,1818.0,2047.0,1834.3196,1907.8053273788332,1786.4391
27,2023-12-01 03:00:00,1860.0,2059.0,1788.6796,1758.2210706073706,1798.0254
28,2023-12-01 04:00:00,2026.0,2047.0,1907.1588,1917.4511858184744,1851.3481
29,2023-12-01 05:00:00,2122.0,2067.0,2154.324,2084.1834283439493,2238.0076
30,2023-12-01 06:00:00,2214.0,2161.0,2163.3733,2134.5892672284062,2232.5195
31,2023-12-01 07:00:00,2073.0,2166.0,2260.241,2250.3262591014427,2366.7585
32,2023-12-01 08:00:00,1876.0,2087.0,1926.9678,1953.959201526372,2129.4143
33,2023-12-01 09:00:00,1737.0,1903.0,1726.3285,1822.3156276197933,1747.6697
34,2023-12-01 10:00:00,1533.0,1707.0,1649.08,1681.669874274903,1786.0691
35,2023-12-01 11:00:00,1380.0,1588.0,1390.4844,1442.8452554947287,1453.6337
36,2023-12-01 12:00:00,1266.0,1571.0,1297.361,1345.940174022719,1276.1105
37,2023-12-01 13:00:00,1181.0,1665.0,1205.1332,1223.7666153546581,1174.2577
38,2023-12-01 14:00:00,1260.0,1824.0,1138.8206,1163.4521957020563,1166.6954
39,2023-12-01 15:00:00,1333.0,1946.0,1346.1354,1326.7121864999472,1412.0779
40,2023-12-01 16:00:00,1365.0,2071.0,1379.6947,1342.5405736737525,1515.7675
41,2023-12-01 17:00:00,1406.0,2125.0,1378.6108,1383.8465549947568,1417.5520000000001
42,2023-12-01 18:00:00,1500.0,2055.0,1430.0479999999998,1423.8054672708,1425.6707
43,2023-12-01 19:00:00,1397.0,1979.0,1564.7416,1549.173649791298,1758.6545
44,2023-12-01 20:00:00,1304.0,1951.0,1288.9535,1307.5032082344278,1220.965
45,2023-12-01 21:00:00,1291.0,1987.0,1244.8063,1308.1039185549305,1223.1611
46,2023-12-01 22:00:00,1299.0,1973.0,1295.0013,1286.988725808544,1292.0256
47,2023-12-01 23:00:00,1409.0,1933.0,1310.0613,1312.775145972935,1371.6217
48,2023-12-02 00:00:00,1592.0,1474.0,1501.8103,1472.4125485998188,1408.3226
49,2023-12-02 01:00:00,1505.0,1487.0,1724.3907,1666.0137119853962,1659.5747
50,2023-12-02 02:00:00,1444.0,1470.0,1395.1764,1407.8094474778634,1393.8655
51,2023-12-02 03:00:00,1438.0,1440.0,1406.4879,1469.669305751008,1457.1415
52,2023-12-02 04:00:00,1419.0,1389.0,1436.5316,1421.955459351928,1454.7607
53,2023-12-02 05:00:00,1366.0,1337.0,1401.4062,1421.049555956592,1270.1615
54,2023-12-02 06:00:00,1385.0,1242.0,1325.1239,1337.0328551553298,1347.9022
55,2023-12-02 07:00:00,1254.0,1155.0,1411.2891,1419.1499426462522,1424.5162
56,2023-12-02 08:00:00,1188.0,1113.0,1138.1844,1159.4872336005321,1154.4565
57,2023-12-02 09:00:00,1125.0,1106.0,1159.288,1214.2453491514411,1125.0994
58,2023-12-02 10:00:00,1019.0,1019.0,1082.0779,1079.9644526745253,1043.7107
59,2023-12-02 11:00:00,860.0,956.0,942.91705,993.5956088228256,935.96094
60,2023-12-02 12:00:00,723.0,921.0,750.0909,793.1167681581584,758.32745
61,2023-12-02 13:00:00,768.0,949.0,642.3568,698.0856041844354,773.90967
62,2023-12-02 14:00:00,817.0,966.0,835.3472,828.4752137744025,821.8610000000001
63,2023-12-02 15:00:00,860.0,981.0,849.3417,826.2824728646108,844.68713
64,2023-12-02 16:00:00,893.0,984.0,890.43964,896.2492713179752,890.1937
65,2023-12-02 17:00:00,926.0,1022.0,912.0848,905.7739661514684,878.3536
66,2023-12-02 18:00:00,1030.0,1010.0,944.00745,952.5595309083702,959.3453400000001
67,2023-12-02 19:00:00,1036.0,1008.0,1107.3827,1089.6717632938353,1224.6487
68,2023-12-02 20:00:00,1057.0,950.0,1018.6043,1014.7178847112633,1008.80115
69,2023-12-02 21:00:00,1161.0,872.0,1073.7377,1094.433856091849,1019.21954
70,2023-12-02 22:00:00,1253.0,859.0,1242.615,1211.2447029769176,1218.7730000000001
71,2023-12-02 23:00:00,1310.0,835.0,1309.3801,1286.0383923456907,1317.6570000000002
72,2023-12-03 00:00:00,1398.0,1047.0,1340.1069,1330.8838468986805,1301.2794
73,2023-12-03 01:00:00,1293.0,1038.0,1458.3306,1443.6589903760178,1429.8303
74,2023-12-03 02:00:00,1202.0,1072.0,1181.8574,1206.5878206809302,1187.525
75,2023-12-03 03:00:00,1048.0,1091.0,1146.026,1207.5255284368766,1209.6134
76,2023-12-03 04:00:00,898.0,1135.0,932.20416,961.2149811880637,971.6827
77,2023-12-03 05:00:00,766.0,1084.0,806.15393,873.6954618897643,769.3606
78,2023-12-03 06:00:00,705.0,981.0,688.8017,717.0071665667523,687.7174
79,2023-12-03 07:00:00,656.0,900.0,686.0998,716.2537677200727,652.6059
80,2023-12-03 08:00:00,635.0,819.0,631.04645,638.5236737363696,635.5247
81,2023-12-03 09:00:00,620.0,734.0,631.3172599999999,652.9245132923968,637.4444599999999
82,2023-12-03 10:00:00,565.0,633.0,611.64453,620.107483436885,632.8832
83,2023-12-03 11:00:00,488.0,511.0,521.5569,552.5658838563189,526.9416
84,2023-12-03 12:00:00,411.0,451.0,434.41574,471.32120571805916,459.90247
85,2023-12-03 13:00:00,407.0,435.0,362.3863,398.5281559090831,354.86838
86,2023-12-03 14:00:00,315.0,434.0,421.96146,437.00981013421256,399.23245
87,2023-12-03 15:00:00,285.0,469.0,241.45496,266.46236534536337,262.90817000000004
88,2023-12-03 16:00:00,256.0,503.0,287.08572000000004,323.7122155368402,202.20647
89,2023-12-03 17:00:00,231.0,468.0,240.29852000000002,242.13759244419361,273.08162999999996
90,2023-12-03 18:00:00,212.0,400.0,223.32214,252.53519598959224,201.17378
91,2023-12-03 19:00:00,198.0,355.0,206.96483999999998,215.80154610305766,167.0801
92,2023-12-03 20:00:00,192.0,336.0,195.51613999999998,216.0790406297908,173.01115
93,2023-12-03 21:00:00,181.0,361.0,195.87491,206.31852834887357,197.17958000000002
94,2023-12-03 22:00:00,157.0,376.0,178.26949,194.77128953679016,140.65498
95,2023-12-03 23:00:00,181.0,373.0,145.15024,163.55574960268152,140.77127
96,2023-12-04 00:00:00,165.0,294.0,212.49177999999998,221.1015107907633,208.26456000000002
97,2023-12-04 01:00:00,179.0,285.0,149.71466,160.08398077286233,167.85233
98,2023-12-04 02:00:00,168.0,276.0,202.42517,220.04124235670884,166.13756
99,2023-12-04 03:00:00,153.0,263.0,158.87767,165.51857187534532,120.838936
100,2023-12-04 04:00:00,121.0,244.0,149.45876,175.19074287858052,126.13595
101,2023-12-04 05:00:00,124.0,219.0,101.84584,118.16081450264824,113.74833000000001
102,2023-12-04 06:00:00,122.0,223.0,139.77682,158.09223688267116,155.76892
103,2023-12-04 07:00:00,98.0,220.0,124.28164,130.28516725419263,115.54799999999999
104,2023-12-04 08:00:00,81.0,236.0,84.88202,109.10620198437141,115.53116999999999
105,2023-12-04 09:00:00,76.0,261.0,78.51744000000001,95.01495092035566,81.7646
106,2023-12-04 10:00:00,64.0,290.0,80.1988,95.71169346482272,79.45468000000001
107,2023-12-04 11:00:00,55.0,295.0,60.203669999999995,76.1221990188012,54.809844999999996
108,2023-12-04 12:00:00,86.0,298.0,56.234917,73.81003989584497,106.46471399999999
109,2023-12-04 13:00:00,99.0,308.0,120.11111499999998,124.70532022812405,84.44421
110,2023-12-04 14:00:00,88.0,323.0,107.10455,114.07903750046852,119.29149
111,2023-12-04 15:00:00,82.0,318.0,82.70376,103.06604915241793,35.28875
112,2023-12-04 16:00:00,73.0,349.0,84.00211999999999,100.26245275621271,127.2005
113,2023-12-04 17:00:00,80.0,374.0,70.968636,87.61239877256594,77.497215
114,2023-12-04 18:00:00,80.0,375.0,93.76477,106.57463200864642,70.23192
115,2023-12-04 19:00:00,77.0,364.0,83.763115,94.86877070039644,46.282745
116,2023-12-04 20:00:00,102.0,343.0,81.05023,97.2961235405328,38.893288
117,2023-12-04 21:00:00,114.0,305.0,130.11298,135.68508624748392,171.05121
118,2023-12-04 22:00:00,113.0,280.0,123.05723,131.1738463921406,157.67377
119,2023-12-04 23:00:00,92.0,248.0,115.89038000000001,132.36068173027365,95.400826
120,2023-12-05 00:00:00,67.0,243.0,78.920296,98.10523377179881,112.62318
121,2023-12-05 01:00:00,55.0,251.0,55.986422999999995,79.30938370110835,72.026115
122,2023-12-05 02:00:00,54.0,279.0,55.263523,71.73297725888209,47.92491
123,2023-12-05 03:00:00,55.0,339.0,62.374244999999995,74.79674283740768,76.42660500000001
124,2023-12-05 04:00:00,51.0,349.0,62.729195,74.51761659330259,31.213822999999998
125,2023-12-05 05:00:00,63.0,351.0,53.201730000000005,68.28845416619424,78.54549
126,2023-12-05 06:00:00,64.0,341.0,80.40603,91.25693542572843,114.4138
127,2023-12-05 07:00:00,71.0,364.0,66.79009,78.68646511541442,69.00684
128,2023-12-05 08:00:00,79.0,386.0,82.63126,97.61054485123465,106.13803
129,2023-12-05 09:00:00,112.0,397.0,89.44742,98.71535580663773,76.296715
130,2023-12-05 10:00:00,171.0,403.0,143.80453,150.69311980370207,137.87575
131,2023-12-05 11:00:00,199.0,371.0,218.45443999999998,212.7958928139417,275.12527
132,2023-12-05 12:00:00,185.0,359.0,214.75641000000002,219.190004220776,220.36444
133,2023-12-05 13:00:00,165.0,359.0,171.18289,192.89055098678296,230.38062000000002
134,2023-12-05 14:00:00,148.0,362.0,155.05208000000002,177.17692243327883,196.93216
135,2023-12-05 15:00:00,181.0,367.0,141.67915,159.72807388615274,198.95181000000002
136,2023-12-05 16:00:00,234.0,399.0,219.35225,223.14234863487079,254.51715
137,2023-12-05 17:00:00,265.0,414.0,276.95285,268.63495185156603,223.8274
138,2023-12-05 18:00:00,267.0,429.0,285.6665,290.06454519236036,249.80794
139,2023-12-05 19:00:00,257.0,470.0,265.75427,280.0415703729186,282.94754
140,2023-12-05 20:00:00,248.0,500.0,251.09457,270.25218396975424,266.31023999999996
141,2023-12-05 21:00:00,208.0,528.0,245.3218,261.91503038399946,244.39562999999998
142,2023-12-05 22:00:00,220.0,552.0,179.43338,203.20446922146542,143.5848
143,2023-12-05 23:00:00,214.0,555.0,245.37859,258.5305546334275,163.8715
144,2023-12-06 00:00:00,200.0,301.0,208.76074,214.85196008181808,201.46233999999998
145,2023-12-06 01:00:00,195.0,309.0,196.46051,219.4262442201143,144.30923
146,2023-12-06 02:00:00,226.0,323.0,197.95668,208.61731742690426,212.0977
147,2023-12-06 03:00:00,271.0,364.0,258.46744,264.7370531649683,285.5447
148,2023-12-06 04:00:00,346.0,396.0,305.71155,301.96543862931185,296.99872
149,2023-12-06 05:00:00,358.0,443.0,404.6528,398.71761000066726,361.45273
150,2023-12-06 06:00:00,341.0,471.0,352.81763,358.2305856817516,387.47626
151,2023-12-06 07:00:00,355.0,527.0,327.90924,356.0626908210341,338.12537000000003
152,2023-12-06 08:00:00,357.0,584.0,372.36237,379.73030140450464,353.88235
153,2023-12-06 09:00:00,427.0,669.0,357.3882,368.3180487057617,327.15024
154,2023-12-06 10:00:00,452.0,739.0,492.87105999999994,487.063481835258,496.0467
155,2023-12-06 11:00:00,489.0,784.0,459.5962,453.7707147839346,480.14764
156,2023-12-06 12:00:00,550.0,798.0,520.5236,533.33478074514,597.07605
157,2023-12-06 13:00:00,508.0,894.0,595.5634,581.6407272083627,658.08075
158,2023-12-06 14:00:00,470.0,1074.0,458.6568,484.83524436440916,401.68494
159,2023-12-06 15:00:00,486.0,1234.0,452.0857,483.85252782164815,438.93427
160,2023-12-06 16:00:00,537.0,1384.0,507.8629,509.98777819279536,490.21332
161,2023-12-06 17:00:00,511.0,1507.0,579.53485,575.2676125066946,606.40344
162,2023-12-06 18:00:00,554.0,1521.0,480.95345999999995,493.5374024530349,519.4094
163,2023-12-06 19:00:00,687.0,1566.0,602.4584,612.5302101772157,560.1463
164,2023-12-06 20:00:00,885.0,1617.0,789.7444,751.4400309657071,829.87964
165,2023-12-06 21:00:00,986.0,1643.0,1026.6647,981.8055922207446,1092.5015
166,2023-12-06 22:00:00,948.0,1620.0,1028.1781,1000.9994424776564,1002.4467
167,2023-12-06 23:00:00,965.0,1618.0,890.3073,928.5247587109116,954.2696
168,2023-12-07 00:00:00,994.0,1948.0,984.80725,1000.3205630385336,955.9407
169,2023-12-07 01:00:00,1076.0,2050.0,1007.7489,1002.3448554078927,923.84924
170,2023-12-07 02:00:00,1192.0,2161.0,1140.5747,1131.9568596712684,1240.4196
171,2023-12-07 03:00:00,1397.0,2212.0,1275.0999,1237.1874426958589,1246.9119
172,2023-12-07 04:00:00,1608.0,2405.0,1546.569,1499.4745569327301,1574.0947
173,2023-12-07 05:00:00,1781.0,2548.0,1742.469,1674.5262934077073,1758.0084
174,2023-12-07 06:00:00,1923.0,2691.0,1876.4679999999998,1842.7100077096566,1976.8375
175,2023-12-07 07:00:00,2093.0,2792.0,1999.7832,1965.6534725643735,1848.3674
176,2023-12-07 08:00:00,2293.0,2891.0,2195.4094,2161.1719117577773,2234.685
177,2023-12-07 09:00:00,2409.0,2918.0,2415.3918,2359.8340231980396,2315.927
178,2023-12-07 10:00:00,2517.0,2939.0,2457.2498,2422.4874498270333,2452.8271
179,2023-12-07 11:00:00,2479.0,2912.0,2571.8953,2556.239184591936,2540.0295
180,2023-12-07 12:00:00,2460.0,2976.0,2413.4116,2413.162608403733,2381.4927
181,2023-12-07 13:00:00,2561.0,3075.0,2438.8901,2471.0363327999107,2425.6538
182,2023-12-07 14:00:00,2748.0,3146.0,2638.8347,2596.534615234388,2639.4175
183,2023-12-07 15:00:00,2632.0,3188.0,2876.071,2817.638229987536,2917.09
184,2023-12-07 16:00:00,2446.0,3246.0,2492.481,2496.2272482557605,2572.6116
185,2023-12-07 17:00:00,2531.0,3334.0,2299.565,2397.497129529783,2268.8474
186,2023-12-07 18:00:00,2663.0,3366.0,2623.5315,2594.0119719769536,2560.436
187,2023-12-07 19:00:00,2850.0,3364.0,2747.9959999999996,2683.547076305473,2717.7459999999996
188,2023-12-07 20:00:00,2847.0,3388.0,2973.4626,2926.8226385218104,3049.9434
189,2023-12-07 21:00:00,2773.0,3376.0,2805.8704,2772.065478895134,2808.4592
190,2023-12-07 22:00:00,2642.0,3391.0,2697.259,2749.3447615936793,2694.5322
191,2023-12-07 23:00:00,2748.0,3395.0,2536.1958,2554.2843765595194,2400.3145
192,2023-12-08 00:00:00,2739.0,3169.0,2844.4785,2843.699342088283,2787.0469
193,2023-12-08 01:00:00,2824.0,3189.0,2709.7175,2650.9740166152437,2774.3835
194,2023-12-08 02:00:00,3061.0,3163.0,2888.6482,2905.366972342056,2888.2336
195,2023-12-08 03:00:00,3207.0,3165.0,3233.2256,3126.842504614053,3267.3315
196,2023-12-08 04:00:00,3154.0,3250.0,3277.4036,3223.3910980051974,3288.6220000000003
197,2023-12-08 05:00:00,3195.0,3349.0,3077.2715,3079.3098794616217,3117.728
198,2023-12-08 06:00:00,3254.0,3464.0,3222.8528,3233.5436713615613,3123.6365
199,2023-12-08 07:00:00,3192.0,3526.0,3285.2859999999996,3232.672484475191,3214.2546
200,2023-12-08 08:00:00,3142.0,3488.0,3126.373,3134.267082823396,3243.1475
201,2023-12-08 09:00:00,3095.0,3433.0,3105.84,3115.1189475970173,3124.0142
202,2023-12-08 10:00:00,3062.0,3319.0,3060.7664,3051.915339896729,3073.4617
203,2023-12-08 11:00:00,2867.0,3192.0,3036.9143,3038.206589475025,3050.7158
204,2023-12-08 12:00:00,2856.0,3053.0,2714.7651,2735.450176820929,2706.3567
205,2023-12-08 13:00:00,2892.0,3061.0,2872.3579999999997,2904.468698279529,2633.6694
206,2023-12-08 14:00:00,3135.0,3043.0,2921.718,2857.780502201262,2927.36
207,2023-12-08 15:00:00,3133.0,2969.0,3314.2542,3274.3358427685553,3268.3994
208,2023-12-08 16:00:00,3190.0,2857.0,3097.8945,3014.545846926365,2954.0579
209,2023-12-08 17:00:00,3084.0,2788.0,3219.4502,3265.471993974564,3167.9077
210,2023-12-08 18:00:00,2810.0,2755.0,2985.7773,2941.88287598556,3037.5635
211,2023-12-08 19:00:00,2571.0,2715.0,2596.2144,2703.964158412794,2255.4688
212,2023-12-08 20:00:00,2508.0,2618.0,2416.795,2469.1444633892625,2357.5676
213,2023-12-08 21:00:00,2229.0,2543.0,2495.3162,2513.2408252916725,2445.9138
214,2023-12-08 22:00:00,1874.0,2574.0,2020.0529,2041.0127671540686,1949.9838
215,2023-12-08 23:00:00,1723.0,2600.0,1638.3423,1765.4624254269895,1357.7865
216,2023-12-09 00:00:00,1725.0,2740.0,1665.5396,1694.2337580168976,1718.6287
217,2023-12-09 01:00:00,1615.0,2740.0,1757.0939,1741.2908202868869,1696.3959
218,2023-12-09 02:00:00,1495.0,2682.0,1533.0818,1536.8274644351288,1565.8524
219,2023-12-09 03:00:00,1583.0,2598.0,1420.6306,1471.304075958197,1389.3191
220,2023-12-09 04:00:00,1581.0,2488.0,1674.8237,1652.045089042479,1753.6445
221,2023-12-09 05:00:00,1506.0,2489.0,1562.2655,1537.5432991221155,1659.8943
222,2023-12-09 06:00:00,1342.0,2530.0,1445.3795,1488.4089696067108,1422.4314
223,2023-12-09 07:00:00,1289.0,2479.0,1220.6632,1257.0334609969225,1124.7730000000001
224,2023-12-09 08:00:00,1163.0,2454.0,1273.485,1314.971303850003,1322.8942
225,2023-12-09 09:00:00,1043.0,2417.0,1072.4724,1078.2870143022049,1074.4747
226,2023-12-09 10:00:00,1053.0,2329.0,974.4653300000001,1032.5990218249146,880.0961
227,2023-12-09 11:00:00,948.0,2219.0,1089.285,1076.683190404084,1064.3462
228,2023-12-09 12:00:00,906.0,2140.0,865.442,882.0221697702095,816.8834
229,2023-12-09 13:00:00,982.0,2184.0,898.9841,934.8946137800156,911.81085
230,2023-12-09 14:00:00,1006.0,2280.0,1054.5515,1023.5793727420884,1171.7512
231,2023-12-09 15:00:00,983.0,2341.0,1014.4433,1007.2516793033501,1005.10785
232,2023-12-09 16:00:00,938.0,2354.0,961.7069,980.6123030512798,925.9847
233,2023-12-09 17:00:00,883.0,2335.0,905.4403699999999,925.224652029333,915.9855
234,2023-12-09 18:00:00,852.0,2309.0,844.8670699999999,871.5871211803958,819.3008
235,2023-12-09 19:00:00,851.0,2287.0,838.4169999999999,855.1603459523673,786.0223
236,2023-12-09 20:00:00,836.0,2292.0,858.2744,863.6789679784355,851.2909
237,2023-12-09 21:00:00,850.0,2317.0,827.1474599999999,834.5000113104262,754.78156
238,2023-12-09 22:00:00,975.0,2348.0,867.8689999999999,874.802889586729,833.7792400000001
239,2023-12-09 23:00:00,1082.0,2306.0,1077.6285,1049.4029251164548,1122.9482
240,2023-12-10 00:00:00,991.0,2097.0,1145.7551,1112.57943233065,1210.2823
241,2023-12-10 01:00:00,902.0,2113.0,893.4352,928.4920059083487,917.8406
242,2023-12-10 02:00:00,934.0,2074.0,845.19653,899.8736618441029,853.3625
243,2023-12-10 03:00:00,952.0,1938.0,973.6731,968.5485862565564,926.82385
244,2023-12-10 04:00:00,954.0,1813.0,960.7877,954.9694797183028,962.1299
245,2023-12-10 05:00:00,967.0,1748.0,956.40405,966.5217614122946,937.52905
246,2023-12-10 06:00:00,1013.0,1773.0,977.5158,980.1453701850377,955.40344
247,2023-12-10 07:00:00,1019.0,1816.0,1048.8651,1045.141205918354,1119.4526
248,2023-12-10 08:00:00,1016.0,1859.0,1011.9671,1014.6835733025246,1046.9655
249,2023-12-10 09:00:00,962.0,1824.0,1011.87494,1028.6538349524494,1001.2532
250,2023-12-10 10:00:00,877.0,1693.0,914.3173,933.8977764083968,870.9653300000001
251,2023-12-10 11:00:00,783.0,1575.0,816.3752400000001,856.6442659302156,815.79254
252,2023-12-10 12:00:00,804.0,1562.0,720.0608,754.2504747809836,672.21106
253,2023-12-10 13:00:00,935.0,1599.0,843.5236,850.8120202357378,908.7398699999999
254,2023-12-10 14:00:00,1075.0,1672.0,1041.6362,1000.3399564637286,1088.1198
255,2023-12-10 15:00:00,1222.0,1717.0,1168.2426,1131.6057578084608,1093.4426
256,2023-12-10 16:00:00,1322.0,1751.0,1318.0272,1285.2840260313596,1331.3035
257,2023-12-10 17:00:00,1252.0,1748.0,1370.7844,1350.173894179176,1445.3605
258,2023-12-10 18:00:00,1100.0,1733.0,1164.2195,1198.53061137163,1168.2925
259,2023-12-10 19:00:00,1009.0,1625.0,979.4815699999999,1049.42485910275,929.78864
260,2023-12-10 20:00:00,904.0,1570.0,959.388,996.075073679102,1025.9957
261,2023-12-10 21:00:00,836.0,1538.0,833.8597,861.4102290234496,781.0062
262,2023-12-10 22:00:00,864.0,1511.0,807.4229,835.8600025592073,775.23145
263,2023-12-10 23:00:00,876.0,1525.0,906.1677,896.2682048041647,886.302
264,2023-12-11 00:00:00,829.0,1405.0,882.5009,878.2047846965722,919.01965
265,2023-12-11 01:00:00,885.0,1397.0,789.6631,814.3411130207138,814.2621
266,2023-12-11 02:00:00,856.0,1429.0,940.27576,943.0204573933873,936.6387300000001
267,2023-12-11 03:00:00,795.0,1428.0,814.5049,817.495685050504,878.0366
268,2023-12-11 04:00:00,798.0,1423.0,751.49133,797.4792232423732,770.44415
269,2023-12-11 05:00:00,752.0,1429.0,810.5553,814.5920359922313,829.02594
270,2023-12-11 06:00:00,636.0,1479.0,711.6419,730.6567355411153,744.08234
271,2023-12-11 07:00:00,553.0,1531.0,550.5445,597.2701713454752,602.40845
272,2023-12-11 08:00:00,510.0,1585.0,510.13086,546.9943362251176,575.1709599999999
273,2023-12-11 09:00:00,480.0,1530.0,492.9606,509.34739617034853,456.38452
274,2023-12-11 10:00:00,434.0,1385.0,468.34384000000006,484.6626911426517,422.64172
275,2023-12-11 11:00:00,431.0,1239.0,407.50043,426.46506239322457,384.37628
276,2023-12-11 12:00:00,370.0,1216.0,442.1087,457.51845147954583,414.99033
277,2023-12-11 13:00:00,382.0,1322.0,321.42682,341.05645874863103,305.2606
278,2023-12-11 14:00:00,366.0,1485.0,409.97025,431.9271820833209,407.34225
279,2023-12-11 15:00:00,345.0,1637.0,350.28763,350.42750461832725,418.75082000000003
280,2023-12-11 16:00:00,332.0,1688.0,336.7663,367.1083800955837,268.20898
281,2023-12-11 17:00:00,318.0,1671.0,328.7097,336.0870379713783,342.31015
282,2023-12-11 18:00:00,366.0,1587.0,312.319,332.84840087964403,314.8392
283,2023-12-11 19:00:00,345.0,1543.0,414.45215,411.42472165809266,392.63882
284,2023-12-11 20:00:00,352.0,1573.0,319.77402,329.5196217294658,318.62158
285,2023-12-11 21:00:00,294.0,1692.0,369.40502999999995,391.1306546787696,332.56107000000003
286,2023-12-11 22:00:00,316.0,1825.0,244.56432999999998,260.6395767004783,286.56952
287,2023-12-11 23:00:00,317.0,1862.0,353.97607,376.09886981440735,329.5096
288,2023-12-12 00:00:00,307.0,1226.0,314.42007,306.58630093773064,388.6802
289,2023-12-12 01:00:00,293.0,1213.0,305.8208,333.43154639455656,306.07556
290,2023-12-12 02:00:00,296.0,1247.0,287.1455,294.556156423459,315.50525
291,2023-12-12 03:00:00,388.0,1232.0,305.43863,323.27658539565465,271.86115
292,2023-12-12 04:00:00,459.0,1254.0,470.30188,452.37365182261664,484.40792999999996
293,2023-12-12 05:00:00,512.0,1288.0,500.93863,486.1495122307051,510.67645
294,2023-12-12 06:00:00,650.0,1325.0,546.7721,549.9067314748993,564.3714
295,2023-12-12 07:00:00,762.0,1342.0,757.59503,730.8175822848309,760.82886
296,2023-12-12 08:00:00,785.0,1293.0,826.0391,798.0959559249577,857.43567
297,2023-12-12 09:00:00,781.0,1208.0,780.97516,793.356001379257,887.5194
298,2023-12-12 10:00:00,719.0,1097.0,771.1877400000001,789.8906375962489,711.7211
299,2023-12-12 11:00:00,610.0,1000.0,664.00635,693.102580718549,733.1321
300,2023-12-12 12:00:00,591.0,963.0,532.5165400000001,578.7978762486225,507.32608
301,2023-12-12 13:00:00,675.0,1053.0,601.9052,618.8753835999753,642.6749
302,2023-12-12 14:00:00,876.0,1148.0,753.8562,728.2128041094007,831.1306
303,2023-12-12 15:00:00,1077.0,1204.0,1033.7706,981.5652069002251,1040.7461
304,2023-12-12 16:00:00,1130.0,1264.0,1206.86,1146.2206596765734,1276.6818
305,2023-12-12 17:00:00,1233.0,1290.0,1128.2646,1129.371816559366,1175.8821
306,2023-12-12 18:00:00,1362.0,1278.0,1304.2206,1304.0800163999033,1337.6283
307,2023-12-12 19:00:00,1407.0,1248.0,1439.5063,1402.291461287607,1498.4445
308,2023-12-12 20:00:00,1469.0,1251.0,1410.5312,1413.5989790758047,1372.7060000000001
309,2023-12-12 21:00:00,1436.0,1251.0,1507.7053,1505.552880141695,1565.0922
310,2023-12-12 22:00:00,1326.0,1269.0,1389.6677,1396.2678527073615,1353.9779
311,2023-12-12 23:00:00,1346.0,1296.0,1235.5497,1288.0757799579105,1182.7615
312,2023-12-13 00:00:00,1402.0,1453.0,1384.3677,1386.6211821819966,1356.9015
313,2023-12-13 01:00:00,1467.0,1435.0,1441.03,1415.271327329753,1371.2336
314,2023-12-13 02:00:00,1489.0,1434.0,1510.7358,1501.3302068901526,1590.3586
315,2023-12-13 03:00:00,1498.0,1491.0,1491.3242,1483.4254137094931,1543.9795
316,2023-12-13 04:00:00,1537.0,1579.0,1493.8811,1508.812013676648,1493.471
317,2023-12-13 05:00:00,1537.0,1636.0,1559.9312,1555.3989804974954,1647.2638
318,2023-12-13 06:00:00,1580.0,1659.0,1521.3204,1526.7053515573004,1601.0704
319,2023-12-13 07:00:00,1578.0,1619.0,1610.2167,1612.9829480787967,1625.8676
320,2023-12-13 08:00:00,1563.0,1573.0,1561.5507,1556.6529455564614,1556.3538
321,2023-12-13 09:00:00,1491.0,1589.0,1545.1971,1567.4148532434992,1564.6188
322,2023-12-13 10:00:00,1285.0,1559.0,1428.1129,1445.9147065812151,1439.5654
323,2023-12-13 11:00:00,1127.0,1354.0,1122.9845,1192.079628970007,1179.1285
324,2023-12-13 12:00:00,1096.0,1284.0,1034.7927,1096.3342325741128,1047.3624
325,2023-12-13 13:00:00,1228.0,1384.0,1100.7902,1105.845556421759,1020.3693
326,2023-12-13 14:00:00,1359.0,1436.0,1347.1855,1310.5938869544493,1371.5199
327,2023-12-13 15:00:00,1398.0,1430.0,1444.1493,1393.4898159155193,1526.8949
328,2023-12-13 16:00:00,1364.0,1410.0,1403.4608,1404.6544106185763,1339.5017
329,2023-12-13 17:00:00,1268.0,1349.0,1322.7682,1343.529767361042,1302.9781
330,2023-12-13 18:00:00,1206.0,1329.0,1184.8763,1228.0101033448234,1227.888
331,2023-12-13 19:00:00,1197.0,1241.0,1168.8536,1200.2430308696034,1120.3053
332,2023-12-13 20:00:00,1198.0,1169.0,1199.5565,1202.9859416435372,1213.754
333,2023-12-13 21:00:00,1201.0,1129.0,1201.7605,1202.8909489278744,1236.6091
334,2023-12-13 22:00:00,1242.0,1118.0,1206.7999,1207.7350781044881,1222.4237
335,2023-12-13 23:00:00,1165.0,1070.0,1275.4833,1270.166950831342,1324.3531
336,2023-12-14 00:00:00,1231.0,1117.0,1091.6835,1108.8556514808247,1086.1089
337,2023-12-14 01:00:00,1084.0,1077.0,1301.1989999999998,1313.5136513780565,1295.3049
338,2023-12-14 02:00:00,1006.0,1008.0,943.4793,952.9549193428239,936.27814
339,2023-12-14 03:00:00,951.0,952.0,973.14215,1050.5383062396063,993.17615
340,2023-12-14 04:00:00,810.0,929.0,917.173,902.721430209754,863.6429
341,2023-12-14 05:00:00,763.0,888.0,705.22614,768.7909705290292,754.4287
342,2023-12-14 06:00:00,777.0,824.0,757.2057,776.2714234528911,719.0864
343,2023-12-14 07:00:00,785.0,786.0,798.89233,793.9979925742999,797.38416
344,2023-12-14 08:00:00,713.0,746.0,792.2073,795.8426722234173,811.4746
345,2023-12-14 09:00:00,647.0,708.0,652.6152,679.8339102370884,687.2007
346,2023-12-14 10:00:00,587.0,637.0,608.4658,645.9711872515917,603.8767
347,2023-12-14 11:00:00,459.0,525.0,548.9966,571.0936158604962,578.6031
348,2023-12-14 12:00:00,422.0,454.0,366.81332000000003,412.9788631423185,341.42938
349,2023-12-14 13:00:00,356.0,444.0,422.4422,451.31041578848914,396.30435
350,2023-12-14 14:00:00,338.0,449.0,310.41292999999996,322.3977661442755,237.60938
351,2023-12-14 15:00:00,402.0,458.0,344.6358,373.05701428250563,347.48852999999997
352,2023-12-14 16:00:00,450.0,461.0,463.68487999999996,443.968478165312,525.72815
353,2023-12-14 17:00:00,408.0,459.0,480.2755,476.8807759370077,492.2051
354,2023-12-14 18:00:00,382.0,437.0,366.88608,389.59668654193047,381.17932
355,2023-12-14 19:00:00,287.0,428.0,372.31127999999995,401.8582682741574,343.5291
356,2023-12-14 20:00:00,266.0,408.0,212.09755,242.72850523445302,215.46622000000002
357,2023-12-14 21:00:00,167.0,377.0,274.58755,307.2029402932653,266.55062999999996
358,2023-12-14 22:00:00,136.0,351.0,90.94060999999999,109.54359850738159,91.77112
359,2023-12-14 23:00:00,116.0,320.0,142.73674,181.77906134657815,90.31912
360,2023-12-15 00:00:00,90.0,303.0,109.90449,105.38767306391674,171.6648
361,2023-12-15 01:00:00,106.0,295.0,81.07348,110.9294713128045,83.67515
362,2023-12-15 02:00:00,121.0,312.0,132.27309,133.03682524985084,120.512024
363,2023-12-15 03:00:00,139.0,329.0,133.95291,143.3496396523278,175.5857
364,2023-12-15 04:00:00,102.0,305.0,156.87814,165.7115601879484,165.5811
365,2023-12-15 05:00:00,73.0,267.0,70.38937,92.90110881692476,69.55484
366,2023-12-15 06:00:00,61.0,250.0,62.425340000000006,91.45272523742756,106.37373999999998
367,2023-12-15 07:00:00,52.0,255.0,60.195236,73.18923055212008,89.2329
368,2023-12-15 08:00:00,52.0,288.0,53.02425,70.06575781664719,41.21658
369,2023-12-15 09:00:00,51.0,325.0,61.151683999999996,71.9803887565797,47.766822999999995
370,2023-12-15 10:00:00,48.0,347.0,56.75246,69.19739316651089,72.65273
371,2023-12-15 11:00:00,63.0,343.0,52.54184,66.1156683291274,38.941746
372,2023-12-15 12:00:00,88.0,348.0,82.837395,91.93805152531195,87.88121
373,2023-12-15 13:00:00,116.0,361.0,110.77587,115.91982029077622,137.76213
374,2023-12-15 14:00:00,203.0,393.0,140.43903,145.82187886989482,183.92677
375,2023-12-15 15:00:00,299.0,498.0,277.21475,266.21595382596024,275.57602
376,2023-12-15 16:00:00,390.0,615.0,364.9504,345.25257056910783,375.75235
377,2023-12-15 17:00:00,526.0,713.0,451.4245,441.7746267664231,481.10394
378,2023-12-15 18:00:00,593.0,814.0,625.43427,599.3254725469429,589.48737
379,2023-12-15 19:00:00,668.0,905.0,620.00555,609.2109467920203,631.0471
380,2023-12-15 20:00:00,633.0,970.0,721.52325,722.7794045147205,753.6737
381,2023-12-15 21:00:00,641.0,1130.0,582.2134,597.0115292423106,553.47003
382,2023-12-15 22:00:00,765.0,1236.0,660.1727,687.2063476962574,610.07495
383,2023-12-15 23:00:00,954.0,1328.0,869.14844,829.5023169064087,879.8860000000001
384,2023-12-16 00:00:00,1128.0,1665.0,1092.5847,1043.4196485737052,1121.6249
385,2023-12-16 01:00:00,1192.0,1769.0,1237.3483,1189.3029824595035,1342.016
386,2023-12-16 02:00:00,1061.0,1751.0,1207.454,1201.5827814482302,1282.3092
387,2023-12-16 03:00:00,989.0,1794.0,926.5244,985.02453171966,926.8196
388,2023-12-16 04:00:00,1006.0,1955.0,951.60864,1003.4980407927893,866.0073
389,2023-12-16 05:00:00,1200.0,2228.0,1030.4606,1019.2435180667934,1219.2247
390,2023-12-16 06:00:00,1333.0,2459.0,1363.2152,1319.0489141182252,1350.0862
391,2023-12-16 07:00:00,1369.0,2744.0,1405.3624,1346.6359605082075,1396.1755
392,2023-12-16 08:00:00,1561.0,3064.0,1370.1678,1387.0827099451278,1310.1241
393,2023-12-16 09:00:00,1697.0,3442.0,1711.1411,1668.4902477831115,1688.1189
394,2023-12-16 10:00:00,1861.0,3934.0,1760.7069,1712.1856809810786,1768.3434
395,2023-12-16 11:00:00,2222.0,4366.0,1964.9886,1946.921407538537,1965.7424
396,2023-12-16 12:00:00,2358.0,4771.0,2484.61,2378.334864362488,2427.334
397,2023-12-16 13:00:00,2894.0,5084.0,2391.3396,2329.649318631793,2483.7870000000003
398,2023-12-16 14:00:00,3406.0,5270.0,3302.7734,3214.764682834937,3138.426
399,2023-12-16 15:00:00,3931.0,5298.0,3722.4702,3486.6681984588176,3556.3801
400,2023-12-16 16:00:00,4325.0,5299.0,4245.8994,4157.0783106417075,3913.7605
401,2023-12-16 17:00:00,4583.0,5220.0,4537.7886,4373.096065037548,4505.2646
402,2023-12-16 18:00:00,4496.0,5096.0,4701.6140000000005,4651.982828668764,4730.2847
403,2023-12-16 19:00:00,4274.0,4881.0,4372.1597,4341.44398756476,4335.7964
404,2023-12-16 20:00:00,4249.0,4526.0,4090.5337,4178.317001870003,4151.735
405,2023-12-16 21:00:00,4522.0,4463.0,4252.4077,4238.879306236106,4112.4443
406,2023-12-16 22:00:00,4456.0,4711.0,4732.8926,4637.39637796783,4799.393
407,2023-12-16 23:00:00,4552.0,4919.0,4370.4204,4286.715923891433,4492.7363
408,2023-12-17 00:00:00,4156.0,4180.0,4623.907999999999,4655.779180423497,4688.880999999999
409,2023-12-17 01:00:00,4456.0,4273.0,3835.4617,3797.090346220554,4055.6940000000004
410,2023-12-17 02:00:00,4494.0,4294.0,4714.9814,4802.522243295795,4483.9253
411,2023-12-17 03:00:00,4517.0,4280.0,4502.5874,4246.976136828094,4488.899
412,2023-12-17 04:00:00,4328.0,4530.0,4504.7856,4623.465573759732,4470.247
413,2023-12-17 05:00:00,4072.0,4446.0,4183.177,4092.434690150119,4186.2725
414,2023-12-17 06:00:00,4433.0,4618.0,3889.4324,4009.6148437592547,3933.6948
415,2023-12-17 07:00:00,4871.0,5249.0,4724.038,4635.368808840807,4553.1320000000005
416,2023-12-17 08:00:00,5242.0,5320.0,5165.393,4949.995984141628,4859.955
417,2023-12-17 09:00:00,5205.0,5411.0,5456.406999999999,5348.552195396487,4860.5225
418,2023-12-17 10:00:00,5346.0,5443.0,5151.264,5045.4169376694435,5195.8223
419,2023-12-17 11:00:00,5402.0,5461.0,5437.564,5455.896700227005,5048.659000000001
420,2023-12-17 12:00:00,5333.0,5476.0,5441.331,5293.826341124811,5037.931
421,2023-12-17 13:00:00,5236.0,5485.0,5280.4595,5283.192500133959,5021.037
422,2023-12-17 14:00:00,5187.0,5472.0,5181.208,5135.199235355843,5118.668
423,2023-12-17 15:00:00,5093.0,5409.0,5172.7837,5147.817745502382,5155.002
424,2023-12-17 16:00:00,4897.0,5311.0,5040.29,4990.264774563789,5113.4434
425,2023-12-17 17:00:00,4818.0,5193.0,4771.7705,4774.519233007949,4521.4929999999995
426,2023-12-17 18:00:00,4783.0,5073.0,4787.157,4780.8812840603105,4768.072
427,2023-12-17 19:00:00,4758.0,4967.0,4769.484,4721.266937617813,4401.2397
428,2023-12-17 20:00:00,4539.0,4843.0,4745.487,4717.996264759027,4720.073
429,2023-12-17 21:00:00,4412.0,4673.0,4384.6797,4371.103320858536,4223.794
430,2023-12-17 22:00:00,4342.0,4461.0,4336.7656,4381.240067472363,4286.5054
431,2023-12-17 23:00:00,4178.0,4245.0,4305.5483,4263.546077304618,4241.501
432,2023-12-18 00:00:00,3949.0,3614.0,4063.9968,4074.3825105401256,4072.7139
433,2023-12-18 01:00:00,3668.0,3460.0,3798.7905,3825.443256489176,3554.6934
434,2023-12-18 02:00:00,3782.0,3334.0,3481.6106,3530.302028278634,3531.132
435,2023-12-18 03:00:00,3537.0,3290.0,3897.7568,3892.6791389426235,3818.5332
436,2023-12-18 04:00:00,3577.0,3245.0,3348.7793,3280.5846058634056,3256.6978
437,2023-12-18 05:00:00,3630.0,3242.0,3631.8743,3718.8375440936247,3513.6987
438,2023-12-18 06:00:00,3917.0,3250.0,3673.9297,3535.1986294962926,3684.4243
439,2023-12-18 07:00:00,3682.0,3339.0,4116.873,4104.313862312121,4053.1248
440,2023-12-18 08:00:00,3686.0,3539.0,3478.6643,3382.738670781569,3598.6401
441,2023-12-18 09:00:00,3722.0,3638.0,3705.0508,3829.3626933869,3584.4602
442,2023-12-18 10:00:00,3883.0,3606.0,3753.8328,3614.344873976761,3755.2209999999995
443,2023-12-18 11:00:00,4058.0,3754.0,3993.6108,4001.447140881249,3872.1711
444,2023-12-18 12:00:00,4658.0,4152.0,4176.2964,4043.780586213352,4253.4194
445,2023-12-18 13:00:00,4903.0,4479.0,5068.515,4972.217542305733,4901.9688
446,2023-12-18 14:00:00,5208.0,4657.0,5040.5779999999995,4796.085491704704,4807.7427
447,2023-12-18 15:00:00,5288.0,4777.0,5383.806,5388.311469215754,5179.9624
448,2023-12-18 16:00:00,5270.0,4841.0,5328.347,5155.1263500012155,5411.9883
449,2023-12-18 17:00:00,5094.0,4831.0,5242.184,5268.446372244006,5287.8945
450,2023-12-18 18:00:00,4790.0,4785.0,4974.74,4919.768246242396,4671.465999999999
451,2023-12-18 19:00:00,4430.0,4669.0,4591.4336,4648.680311980708,4753.093
452,2023-12-18 20:00:00,4128.0,4498.0,4201.3003,4241.385958737577,4383.508
453,2023-12-18 21:00:00,3666.0,4368.0,3947.862,4009.269276897394,3938.4578
454,2023-12-18 22:00:00,3219.0,4292.0,3358.1765,3416.247727407237,3293.0483
455,2023-12-18 23:00:00,3097.0,4052.0,2939.9583,3066.8609831761,2639.55
456,2023-12-19 00:00:00,3160.0,3084.0,3071.4385,3085.6865030776476,3058.672
457,2023-12-19 01:00:00,2959.0,2964.0,3225.5759999999996,3174.358213463782,3232.3354
458,2023-12-19 02:00:00,3041.0,2989.0,2797.5242,2800.9635149229302,2849.4282
459,2023-12-19 03:00:00,3008.0,3137.0,3128.4556,3158.581357821859,2999.0208
460,2023-12-19 04:00:00,3015.0,3168.0,2970.7327,2888.4690599299342,3000.958
461,2023-12-19 05:00:00,2934.0,3266.0,3011.5981,3063.949274886483,2821.8108
462,2023-12-19 06:00:00,3308.0,3376.0,2867.6829,2828.516272815809,2871.5852
463,2023-12-19 07:00:00,3450.0,3407.0,3596.2483,3565.774888164319,3563.1523
464,2023-12-19 08:00:00,3616.0,3386.0,3521.11,3343.1626892475106,3653.5142
465,2023-12-19 09:00:00,4039.0,3417.0,3714.8652,3741.982180439632,3699.4159999999997
466,2023-12-19 10:00:00,4446.0,3605.0,4333.0947,4171.5527002097415,4292.3013
467,2023-12-19 11:00:00,4833.0,4053.0,4704.0566,4557.152038788328,4350.346
468,2023-12-19 12:00:00,4873.0,4409.0,5065.2056,4937.729597610291,4850.0396
469,2023-12-19 13:00:00,4829.0,4604.0,4863.8403,4769.92148038254,4876.451
470,2023-12-19 14:00:00,5094.0,4694.0,4782.1333,4802.086745114481,4833.4697
471,2023-12-19 15:00:00,5174.0,4775.0,5287.9395,5203.800066580578,4966.096
472,2023-12-19 16:00:00,5193.0,4903.0,5221.558,5086.718827425189,5336.5435
473,2023-12-19 17:00:00,5189.0,5026.0,5198.803,5188.184411583149,5266.7646
474,2023-12-19 18:00:00,5052.0,5062.0,5190.7637,5120.198951275535,5192.4929999999995
475,2023-12-19 19:00:00,4892.0,5079.0,4959.2983,4943.827525290077,4958.4385
476,2023-12-19 20:00:00,4878.0,5033.0,4787.2964,4796.807663326603,4855.4624
477,2023-12-19 21:00:00,4995.0,4924.0,4885.903,4864.01290164603,4855.3774
478,2023-12-19 22:00:00,5022.0,4888.0,5081.782,5009.178370151072,4979.21
479,2023-12-19 23:00:00,5048.0,4887.0,5033.292,4963.881464372606,5061.019
480,2023-12-20 00:00:00,4925.0,4976.0,5066.052,5032.817870600493,4938.6987
481,2023-12-20 01:00:00,4960.0,4975.0,4834.634,4795.432731583927,4867.8735
482,2023-12-20 02:00:00,4950.0,4938.0,4993.0776,4995.458789365365,4954.792
483,2023-12-20 03:00:00,4734.0,4867.0,4942.6865,4858.005720830449,4977.9155
484,2023-12-20 04:00:00,4716.0,4744.0,4578.6494,4598.303555718982,4869.3267
485,2023-12-20 05:00:00,4389.0,4520.0,4723.587,4727.641549774102,4565.7646
486,2023-12-20 06:00:00,4014.0,4256.0,4159.359,4129.337374884171,4195.0425
487,2023-12-20 07:00:00,3723.0,3823.0,3767.5918,3897.200420495319,3630.329
488,2023-12-20 08:00:00,3166.0,3368.0,3552.1604,3575.956018379331,3436.7178
489,2023-12-20 09:00:00,2713.0,2952.0,2781.8767,2886.2638923142717,2779.1519
490,2023-12-20 10:00:00,2317.0,2559.0,2444.4539,2585.9822517962093,2036.1061
491,2023-12-20 11:00:00,2158.0,2193.0,2083.4136,2139.4630400133256,2092.5085
492,2023-12-20 12:00:00,1866.0,1873.0,2102.815,2158.5023748088724,2073.873
493,2023-12-20 13:00:00,1617.0,1656.0,1673.7219,1683.0293106977265,1643.7295
494,2023-12-20 14:00:00,1431.0,1508.0,1477.6256,1576.6800419026108,1376.1693
495,2023-12-20 15:00:00,1260.0,1367.0,1331.4247,1345.8744721247745,1274.7830000000001
496,2023-12-20 16:00:00,1034.0,1261.0,1162.1941,1214.6085220986579,1108.0137
497,2023-12-20 17:00:00,778.0,1072.0,892.2463,935.4068105308007,800.3382
498,2023-12-20 18:00:00,498.0,885.0,623.0901,698.5332767383929,444.05872
499,2023-12-20 19:00:00,312.0,726.0,331.79132000000004,397.75766658897186,270.56555
500,2023-12-20 20:00:00,241.0,580.0,225.87675,285.211720903485,394.1159
501,2023-12-20 21:00:00,218.0,447.0,231.69357000000002,240.86229893423703,154.96088
502,2023-12-20 22:00:00,215.0,312.0,229.86244,231.29201222302868,199.18254
503,2023-12-20 23:00:00,115.0,221.0,233.2842,232.3409688075003,232.98006
504,2023-12-21 00:00:00,56.0,297.0,49.17958,72.79459513806614,186.43313999999998
505,2023-12-21 01:00:00,83.0,356.0,38.124496,76.10563362646712,57.025284
506,2023-12-21 02:00:00,146.0,515.0,123.42755,116.98721571127815,119.47381999999999
507,2023-12-21 03:00:00,305.0,789.0,202.33174,192.21542979767898,204.31837
508,2023-12-21 04:00:00,532.0,1364.0,435.95853,399.09157740860184,420.95657
509,2023-12-21 05:00:00,919.0,2163.0,697.57227,633.9161596204326,686.7082
510,2023-12-21 06:00:00,1460.0,2581.0,1205.1637,1105.9602728668917,1404.6008
511,2023-12-21 07:00:00,1794.0,2521.0,1842.9598,1678.3530531681686,1720.7589
512,2023-12-21 08:00:00,1701.0,2348.0,1971.0348,1860.7143111920905,1937.4589999999998
513,2023-12-21 09:00:00,1739.0,2509.0,1545.6421,1601.9269533225324,1664.5933
514,2023-12-21 10:00:00,1867.0,2985.0,1777.5911,1819.8342048919378,1531.2542
515,2023-12-21 11:00:00,1826.0,3155.0,1954.2413,1890.596126244096,1984.5912
516,2023-12-21 12:00:00,1581.0,3115.0,1764.7544,1782.3742722200625,1759.77
517,2023-12-21 13:00:00,1263.0,3030.0,1381.5079,1458.9266542077396,1447.869
518,2023-12-21 14:00:00,1102.0,3044.0,1043.0682,1150.4870735893792,1143.9369
519,2023-12-21 15:00:00,1222.0,3159.0,1032.7174,1082.4024542632667,1081.211
520,2023-12-21 16:00:00,1389.0,3255.0,1358.0057,1314.5516272410928,1275.87
521,2023-12-21 17:00:00,1475.0,3317.0,1507.3962,1438.6061578613526,1584.9857
522,2023-12-21 18:00:00,1323.0,3336.0,1513.418,1499.7481787105655,1690.4988
523,2023-12-21 19:00:00,1275.0,3292.0,1166.1447,1220.9717432741618,1155.7031
524,2023-12-21 20:00:00,1224.0,3283.0,1252.9883,1314.4110570862065,1256.8585
525,2023-12-21 21:00:00,1214.0,3269.0,1176.2269,1176.487143574523,1198.7909
526,2023-12-21 22:00:00,1301.0,3234.0,1210.9918,1244.5526795954504,1176.8428
527,2023-12-21 23:00:00,1332.0,3209.0,1374.0087,1341.3695603299645,1480.6715
528,2023-12-22 00:00:00,1420.0,2786.0,1337.444,1331.6942959182775,1358.8916
529,2023-12-22 01:00:00,1471.0,2993.0,1487.1431,1477.4255570588693,1346.494
530,2023-12-22 02:00:00,1595.0,3086.0,1491.741,1469.753037206668,1600.8938
531,2023-12-22 03:00:00,1587.0,3091.0,1684.624,1671.4706536915705,1827.431
532,2023-12-22 04:00:00,1644.0,3080.0,1550.3773,1535.9658359089053,1554.5366
533,2023-12-22 05:00:00,1864.0,3131.0,1688.6029999999998,1709.018323721573,1665.6942
534,2023-12-22 06:00:00,2065.0,3284.0,2032.4805,1953.2743082120685,2097.9358
535,2023-12-22 07:00:00,2250.0,3432.0,2187.3623,2123.9998867640843,2156.98
536,2023-12-22 08:00:00,2282.0,3511.0,2361.1309,2314.058544981252,2552.056
537,2023-12-22 09:00:00,2326.0,3529.0,2263.643,2249.209207694821,2346.8914
538,2023-12-22 10:00:00,2402.0,3554.0,2344.2969,2358.6117719672225,2381.644
539,2023-12-22 11:00:00,2532.0,3688.0,2446.5054,2412.783409642009,2501.732
540,2023-12-22 12:00:00,2736.0,3908.0,2615.697,2586.401798305446,2630.2815
541,2023-12-22 13:00:00,2963.0,4001.0,2872.6836,2804.9138647315367,2777.8542
542,2023-12-22 14:00:00,3127.0,4131.0,3102.1772,3032.659918951441,3271.7603
543,2023-12-22 15:00:00,3258.0,4241.0,3208.97,3154.665286599081,3303.079
544,2023-12-22 16:00:00,3358.0,4352.0,3323.802,3288.60858903033,3430.522
545,2023-12-22 17:00:00,3509.0,4421.0,3402.397,3366.0162853612233,3391.7388
546,2023-12-22 18:00:00,3559.0,4478.0,3596.4778,3558.9140035740415,3480.0229999999997
547,2023-12-22 19:00:00,3586.0,4507.0,3563.4678,3520.9631576380248,3411.6016
548,2023-12-22 20:00:00,3665.0,4531.0,3587.724,3586.9986630736043,3687.2292
549,2023-12-22 21:00:00,3800.0,4545.0,3710.4907,3672.384828959433,3724.4883
550,2023-12-22 22:00:00,3855.0,4519.0,3887.2751,3835.022684398262,4011.97
551,2023-12-22 23:00:00,3742.0,4369.0,3871.3162,3823.4524853302332,3771.006
552,2023-12-23 00:00:00,3652.0,4092.0,3633.7725,3650.8772135392205,3567.6726
553,2023-12-23 01:00:00,3621.0,3965.0,3588.5693,3612.8929079107033,3679.867
554,2023-12-23 02:00:00,3437.0,3828.0,3599.3884,3586.75653184966,3710.5015
555,2023-12-23 03:00:00,3214.0,3716.0,3291.7205,3310.1989836477537,2839.1924
556,2023-12-23 04:00:00,2989.0,3542.0,3060.934,3124.1194169031896,3059.607
557,2023-12-23 05:00:00,2806.0,3363.0,2843.0337,2879.7825122319928,2831.2961
558,2023-12-23 06:00:00,2791.0,3237.0,2693.1199,2737.688859757153,2702.0427
559,2023-12-23 07:00:00,2670.0,3156.0,2807.1558,2800.371353491981,2723.917
560,2023-12-23 08:00:00,2584.0,3032.0,2578.2798,2569.887374809069,2597.637
561,2023-12-23 09:00:00,2499.0,2923.0,2532.6208,2573.542040971583,2425.8086
562,2023-12-23 10:00:00,2476.0,2858.0,2444.5557,2436.224772345201,2513.7764
563,2023-12-23 11:00:00,2341.0,2856.0,2466.4944,2483.2800162842777,2388.2
564,2023-12-23 12:00:00,2325.0,2924.0,2236.1636,2240.079286715606,2151.7168
565,2023-12-23 13:00:00,2374.0,2964.0,2329.811,2362.712517255141,2264.5034
566,2023-12-23 14:00:00,2428.0,2966.0,2414.6987,2365.932670670248,2326.7397
567,2023-12-23 15:00:00,2539.0,2951.0,2462.1921,2449.793945266092,2513.2488
568,2023-12-23 16:00:00,2673.0,2930.0,2617.467,2575.1526528865306,2783.4917
569,2023-12-23 17:00:00,2805.0,2842.0,2760.6074,2711.8052289122706,2732.3467
570,2023-12-23 18:00:00,2827.0,2737.0,2883.6526,2838.4070133456557,2760.5461
571,2023-12-23 19:00:00,2919.0,2648.0,2819.7740000000003,2796.2996331509808,2911.0217
572,2023-12-23 20:00:00,2842.0,2558.0,2981.9746,2968.162098733952,2971.224
573,2023-12-23 21:00:00,2757.0,2413.0,2762.1636,2741.15564873153,2594.2217
574,2023-12-23 22:00:00,2682.0,2205.0,2691.6387,2744.260747378441,2716.4377
575,2023-12-23 23:00:00,2537.0,1970.0,2632.0557,2623.177974955197,2639.0156
576,2023-12-24 00:00:00,2353.0,2040.0,2430.5486,2466.4463392827734,2443.9485
577,2023-12-24 01:00:00,2203.0,1975.0,2226.3596,2269.4398086853244,2248.6
578,2023-12-24 02:00:00,2027.0,1988.0,2112.4878,2150.9901650760967,2031.5037
579,2023-12-24 03:00:00,1960.0,1981.0,1909.2327,1943.395932125172,1896.7355
580,2023-12-24 04:00:00,1972.0,1901.0,1936.3511,1963.3023244801727,1955.7689
581,2023-12-24 05:00:00,1896.0,1801.0,1993.741,1970.2548767185888,2214.7424
582,2023-12-24 06:00:00,1716.0,1749.0,1831.1241,1845.2415012365836,1762.4867
583,2023-12-24 07:00:00,1647.0,1699.0,1579.9401,1635.2897098194605,1509.1053
584,2023-12-24 08:00:00,1576.0,1582.0,1619.2782,1653.4563301316362,1510.9261
585,2023-12-24 09:00:00,1499.0,1467.0,1525.2949,1529.5622275380285,1625.2661
586,2023-12-24 10:00:00,1527.0,1305.0,1450.4215,1482.6204533547514,1504.7517
587,2023-12-24 11:00:00,1373.0,1148.0,1563.7526,1555.6972616813491,1622.1395
588,2023-12-24 12:00:00,1277.0,1126.0,1243.344,1266.465968086667,1214.0564
589,2023-12-24 13:00:00,1221.0,1070.0,1228.7847,1289.9881945410625,1241.2006
590,2023-12-24 14:00:00,1072.0,1023.0,1191.6775,1186.6730438845193,1187.1589
591,2023-12-24 15:00:00,938.0,991.0,963.60144,1012.7739245529287,886.1113
592,2023-12-24 16:00:00,752.0,958.0,861.8302,905.6838339011456,803.40894
593,2023-12-24 17:00:00,626.0,872.0,629.5297,675.272679387076,555.9991
594,2023-12-24 18:00:00,521.0,783.0,564.37994,615.3008723348254,532.08295
595,2023-12-24 19:00:00,404.0,661.0,465.36465,484.9281331703497,504.24234
596,2023-12-24 20:00:00,334.0,591.0,336.71716000000004,378.34117516325836,262.49887
597,2023-12-24 21:00:00,309.0,535.0,307.15884,331.9743516443875,285.05133
598,2023-12-24 22:00:00,294.0,510.0,308.1969,320.46234484635187,305.2605
599,2023-12-24 23:00:00,257.0,495.0,292.4921,303.6245505009658,242.85277000000002
600,2023-12-25 00:00:00,190.0,352.0,235.20561,255.06261256330345,289.81723
601,2023-12-25 01:00:00,173.0,318.0,146.95276,178.12951623816863,128.6232
602,2023-12-25 02:00:00,199.0,302.0,177.27863,197.9436997199996,243.43944
603,2023-12-25 03:00:00,196.0,281.0,228.30118,227.1994315447396,255.19397999999998
604,2023-12-25 04:00:00,242.0,282.0,194.93472,204.60924046726018,147.36685
605,2023-12-25 05:00:00,224.0,289.0,288.95425,291.474137021409,345.38962000000004
606,2023-12-25 06:00:00,237.0,321.0,202.72002,209.96788917255023,204.5094
607,2023-12-25 07:00:00,234.0,371.0,259.8712,280.2495730395537,269.33664
608,2023-12-25 08:00:00,264.0,424.0,231.92784,232.68421560532462,237.48279
609,2023-12-25 09:00:00,296.0,511.0,297.08252000000005,309.32136019146196,321.21732000000003
610,2023-12-25 10:00:00,306.0,645.0,321.42107999999996,313.51865817416177,329.33517
611,2023-12-25 11:00:00,355.0,721.0,313.64703,326.85319864157805,262.0441
612,2023-12-25 12:00:00,385.0,725.0,399.58398,396.6115797736882,339.45172
613,2023-12-25 13:00:00,377.0,675.0,402.3144,401.817143265333,476.65842000000004
614,2023-12-25 14:00:00,375.0,640.0,368.2479,385.9288532383823,403.00692999999995
615,2023-12-25 15:00:00,432.0,631.0,378.94177,392.4177208717772,380.82788
616,2023-12-25 16:00:00,432.0,606.0,483.4869,479.05918672345666,520.4762599999999
617,2023-12-25 17:00:00,477.0,554.0,421.65615999999994,426.30590097206044,403.58832
618,2023-12-25 18:00:00,504.0,515.0,521.3625,529.9434321003139,497.37448
619,2023-12-25 19:00:00,468.0,505.0,516.6035,509.75665954950205,630.227
620,2023-12-25 20:00:00,395.0,480.0,434.05374000000006,464.82386580360026,446.67007
621,2023-12-25 21:00:00,376.0,506.0,342.91376,376.1477214753343,328.41187
622,2023-12-25 22:00:00,360.0,534.0,377.9719,399.93212195153023,373.02792
623,2023-12-25 23:00:00,286.0,549.0,352.65665,360.01565481634384,343.27805
624,2023-12-26 00:00:00,311.0,638.0,232.10924,266.6927428339468,165.23048
625,2023-12-26 01:00:00,384.0,709.0,354.65524,363.24132922875856,357.15552
626,2023-12-26 02:00:00,501.0,771.0,441.2143,420.4850768598927,447.86707
627,2023-12-26 03:00:00,629.0,828.0,590.1891,571.5927685311702,657.2924
628,2023-12-26 04:00:00,837.0,889.0,714.4203,683.0353803455772,878.02045
629,2023-12-26 05:00:00,957.0,915.0,987.3597,945.776137776792,982.8175
630,2023-12-26 06:00:00,1152.0,923.0,1009.6958599999999,976.5309392798556,1067.6172
631,2023-12-26 07:00:00,1347.0,933.0,1293.2415,1267.721345429236,1337.0386
632,2023-12-26 08:00:00,1449.0,921.0,1465.0754,1400.3507095102625,1719.8217
633,2023-12-26 09:00:00,1434.0,861.0,1490.3499,1481.7140938006562,1429.4448
634,2023-12-26 10:00:00,1461.0,779.0,1393.0546,1408.3360763363428,1479.2914
635,2023-12-26 11:00:00,1329.0,713.0,1483.1597,1495.9219050332833,1531.6952
636,2023-12-26 12:00:00,1321.0,690.0,1203.4626,1232.8150193679726,1280.6815
637,2023-12-26 13:00:00,1310.0,759.0,1344.7881,1380.2711552857604,1319.6792
638,2023-12-26 14:00:00,1313.0,861.0,1298.4316,1273.0336089202044,1311.1421
639,2023-12-26 15:00:00,1201.0,929.0,1319.2256,1343.0734319615178,1325.4489999999998
640,2023-12-26 16:00:00,1048.0,887.0,1103.1111,1122.4627886547878,1059.1399
641,2023-12-26 17:00:00,959.0,784.0,938.8365,1013.5976163953786,870.08746
642,2023-12-26 18:00:00,861.0,723.0,912.5135,938.4187518676456,822.2288
643,2023-12-26 19:00:00,798.0,687.0,794.1005,828.4347891264093,869.45703
644,2023-12-26 20:00:00,707.0,608.0,766.6773,795.2587326992897,727.58093
645,2023-12-26 21:00:00,578.0,558.0,643.42224,670.8304084682566,693.88916
646,2023-12-26 22:00:00,498.0,523.0,489.8319,541.5533228501877,452.09012
647,2023-12-26 23:00:00,404.0,467.0,458.4651,493.09938530638124,515.30835
648,2023-12-27 00:00:00,284.0,420.0,342.1446,373.1682026941214,403.44482
649,2023-12-27 01:00:00,219.0,387.0,208.35513,255.4561566285236,205.92253
650,2023-12-27 02:00:00,178.0,382.0,194.00105,223.81074277473815,189.80418
651,2023-12-27 03:00:00,184.0,415.0,161.46971000000002,177.90041541876414,153.81293
652,2023-12-27 04:00:00,197.0,437.0,204.8052,215.37700997233466,246.13547000000003
653,2023-12-27 05:00:00,240.0,428.0,211.67224,213.2209131753659,188.56799999999998
654,2023-12-27 06:00:00,240.0,418.0,279.5378,282.87101477067836,367.4408
655,2023-12-27 07:00:00,244.0,411.0,234.2201,240.4675244061532,197.78398
656,2023-12-27 08:00:00,267.0,391.0,253.21541000000002,272.6315192252914,276.17264
657,2023-12-27 09:00:00,301.0,397.0,289.2939,289.6025408821538,286.7943
658,2023-12-27 10:00:00,340.0,411.0,329.83115,333.30524442165864,337.59286000000003
659,2023-12-27 11:00:00,340.0,450.0,372.1379,368.68076981406097,432.505
660,2023-12-27 12:00:00,411.0,565.0,337.12482,347.1424201004677,299.55896
661,2023-12-27 13:00:00,654.0,637.0,477.42737,473.09563174012845,529.2266
662,2023-12-27 14:00:00,821.0,814.0,850.6387300000001,782.6122062437021,927.74036
663,2023-12-27 15:00:00,938.0,1026.0,912.2887599999999,859.6202583510742,944.13165
664,2023-12-27 16:00:00,1108.0,1149.0,1007.6866,998.7021264846272,1089.5886
665,2023-12-27 17:00:00,1200.0,1229.0,1225.288,1184.2138905213562,1229.4559
666,2023-12-27 18:00:00,1293.0,1245.0,1235.3333,1217.493769992004,1244.7719
667,2023-12-27 19:00:00,1290.0,1232.0,1350.7274,1345.036838162196,1310.1815
668,2023-12-27 20:00:00,1144.0,1210.0,1261.0916,1262.622900952867,1314.1631
669,2023-12-27 21:00:00,905.0,1100.0,1015.55505,1080.756698845747,966.5192
670,2023-12-27 22:00:00,742.0,932.0,731.0227,811.6339288850895,627.1551
671,2023-12-27 23:00:00,555.0,807.0,655.92426,716.4091562705094,558.172
672,2023-12-28 00:00:00,493.0,758.0,434.0136,477.1530361883865,423.72652999999997
673,2023-12-28 01:00:00,488.0,687.0,491.40756,524.2716782034871,416.76285
674,2023-12-28 02:00:00,460.0,706.0,499.83008,487.6339532177622,508.3295
675,2023-12-28 03:00:00,506.0,849.0,441.92664,465.43151568060335,405.2999
676,2023-12-28 04:00:00,682.0,997.0,552.11975,552.059833882025,518.5146
677,2023-12-28 05:00:00,625.0,1047.0,817.58344,779.0543646691652,932.84375
678,2023-12-28 06:00:00,595.0,1064.0,533.69,550.261152498201,542.81976
679,2023-12-28 07:00:00,543.0,1069.0,584.5634,641.859174699691,464.8437
680,2023-12-28 08:00:00,546.0,983.0,496.9067,503.4576559552525,618.19714
681,2023-12-28 09:00:00,585.0,1000.0,562.1521,592.4649909021903,603.0934
682,2023-12-28 10:00:00,583.0,1223.0,619.39325,600.2655963796119,659.10724
683,2023-12-28 11:00:00,709.0,1359.0,578.46063,592.3356006246703,553.38983
684,2023-12-28 12:00:00,761.0,1318.0,822.5203,797.4152983061018,861.5672599999999
685,2023-12-28 13:00:00,732.0,1117.0,779.1481,755.2199435655757,754.45605
686,2023-12-28 14:00:00,709.0,1047.0,700.5083,734.8126152521202,865.3597
687,2023-12-28 15:00:00,721.0,1088.0,695.6542,710.6779358594745,727.9206
688,2023-12-28 16:00:00,901.0,1099.0,735.6354,744.4387039684325,789.49365
689,2023-12-28 17:00:00,1065.0,1208.0,1054.1969,1009.9610034076917,1099.039
690,2023-12-28 18:00:00,1186.0,1277.0,1167.4246,1108.9696298664674,1117.434
691,2023-12-28 19:00:00,1139.0,1348.0,1255.8248,1240.9931001830694,1313.8365
692,2023-12-28 20:00:00,1155.0,1467.0,1068.1211,1085.9323675908258,927.85956
693,2023-12-28 21:00:00,1224.0,1592.0,1174.4353,1205.7506791413718,1103.2516
694,2023-12-28 22:00:00,1206.0,1598.0,1272.2932,1242.4733294129412,1252.8716
695,2023-12-28 23:00:00,1134.0,1585.0,1173.752,1191.5129391245982,1295.9832
696,2023-12-29 00:00:00,1122.0,1471.0,1076.3511,1108.0972121741293,1130.481
697,2023-12-29 01:00:00,1066.0,1363.0,1125.678,1139.8064493541558,1108.1141
698,2023-12-29 02:00:00,1159.0,1249.0,1016.94476,1031.5124787338955,1005.4445
699,2023-12-29 03:00:00,1236.0,1291.0,1251.3676,1245.2247389140655,1326.8666
700,2023-12-29 04:00:00,1312.0,1341.0,1278.1362,1237.511707022106,1318.0667
701,2023-12-29 05:00:00,1302.0,1464.0,1359.8082,1362.9820984977237,1425.9124
702,2023-12-29 06:00:00,1283.0,1603.0,1272.0242,1270.7229925003326,1342.2327
703,2023-12-29 07:00:00,1364.0,1745.0,1262.7281,1296.6799294250336,1270.1278
704,2023-12-29 08:00:00,1490.0,1844.0,1429.9283,1409.6031242746622,1541.9869
705,2023-12-29 09:00:00,1493.0,1918.0,1575.8285,1541.1070279451624,1593.1770000000001
706,2023-12-29 10:00:00,1469.0,1926.0,1466.7042,1465.8333340359934,1575.5785
707,2023-12-29 11:00:00,1561.0,1952.0,1442.7623,1473.5087579424383,1434.9560000000001
708,2023-12-29 12:00:00,1501.0,2047.0,1638.5101,1615.0400614054902,1620.5936
709,2023-12-29 13:00:00,1626.0,2251.0,1424.0726,1433.5463849434811,1456.9387
710,2023-12-29 14:00:00,1960.0,2444.0,1743.8121,1742.6431701715305,1742.9434
711,2023-12-29 15:00:00,2302.0,2584.0,2208.8298,2085.2965305231346,2201.5347
712,2023-12-29 16:00:00,2575.0,2704.0,2520.8381,2420.2582521681093,2554.3083
713,2023-12-29 17:00:00,2841.0,2813.0,2728.1348,2650.235808254841,2698.3590000000004
714,2023-12-29 18:00:00,3020.0,2802.0,2996.2698,2933.0132311756956,2852.6294
715,2023-12-29 19:00:00,2939.0,2729.0,3101.836,3045.376216429704,3128.9521
716,2023-12-29 20:00:00,2635.0,2680.0,2821.6802,2848.2276308429578,2789.0923
717,2023-12-29 21:00:00,2410.0,2680.0,2378.8489,2485.0569097700563,2379.71
718,2023-12-29 22:00:00,2375.0,2680.0,2269.4287,2348.5512489990642,2254.5107
719,2023-12-29 23:00:00,2315.0,2652.0,2383.646,2376.038558943856,2359.6365
720,2023-12-30 00:00:00,2420.0,2977.0,2273.3525,2263.9375085162783,2267.4829999999997
721,2023-12-30 01:00:00,2474.0,2981.0,2519.5808,2499.083335811994,2623.365
722,2023-12-30 02:00:00,2623.0,2952.0,2494.2107,2441.7424950290992,2528.325
723,2023-12-30 03:00:00,2591.0,2982.0,2725.809,2713.4702647481045,2712.2292
724,2023-12-30 04:00:00,2686.0,3009.0,2528.6072,2497.204948383822,2587.6116
725,2023-12-30 05:00:00,2710.0,2983.0,2751.2927,2779.8307025729773,2921.6584
726,2023-12-30 06:00:00,2799.0,2872.0,2703.5757,2645.9763545222704,2643.8076
727,2023-12-30 07:00:00,2749.0,2846.0,2853.3413,2868.837828420317,2833.7024
728,2023-12-30 08:00:00,2744.0,2865.0,2687.6809999999996,2653.804336475386,2717.619
729,2023-12-30 09:00:00,2978.0,2748.0,2737.2090000000003,2776.6628682158153,2738.9
730,2023-12-30 10:00:00,2955.0,2625.0,3160.845,3073.7723469319226,3174.8384
731,2023-12-30 11:00:00,2694.0,2378.0,2899.5452,2856.459388827469,3032.2336
732,2023-12-30 12:00:00,2795.0,2357.0,2475.1926,2573.923275641661,2532.677
733,2023-12-30 13:00:00,3112.0,2346.0,2912.4429,2906.3392174034093,2852.865
734,2023-12-30 14:00:00,3117.0,2374.0,3345.1648,3207.839014183889,3388.0088
735,2023-12-30 15:00:00,2936.0,2416.0,3071.8442,3032.315906369787,3092.2424
736,2023-12-30 16:00:00,2698.0,2475.0,2781.0903,2851.4817732795336,2810.1584
737,2023-12-30 17:00:00,2897.0,2383.0,2523.7744,2583.297632559508,2570.4995
738,2023-12-30 18:00:00,2909.0,2221.0,3086.4216,3062.7574131329525,2939.4138
739,2023-12-30 19:00:00,2609.0,2056.0,2889.5205,2790.1081668697693,2862.1106
740,2023-12-30 20:00:00,2569.0,1909.0,2359.4456,2479.2581897451887,2316.0645
741,2023-12-30 21:00:00,2404.0,1852.0,2581.7670000000003,2604.825305759797,2483.2092
742,2023-12-30 22:00:00,2437.0,1796.0,2273.565,2266.209923032453,2375.5879999999997
743,2023-12-30 23:00:00,2553.0,1746.0,2487.8574,2524.6969403334465,2421.141
744,2023-12-31 00:00:00,2480.0,1804.0,2640.3875,2551.753237506922,2549.9139999999998
745,2023-12-31 01:00:00,2535.0,1780.0,2400.1318,2419.290158583813,2486.016
746,2023-12-31 02:00:00,2289.0,1694.0,2583.1042,2587.2930266833155,2567.3735
747,2023-12-31 03:00:00,2286.0,1613.0,2075.8506,2094.1710945505447,2116.7568
748,2023-12-31 04:00:00,1922.0,1511.0,2316.7085,2389.3969814231878,2412.3752
749,2023-12-31 05:00:00,1711.0,1429.0,1628.7787,1631.7355264951636,1565.6598
750,2023-12-31 06:00:00,1793.0,1409.0,1603.4296,1757.0770291386375,1599.2928
751,2023-12-31 07:00:00,1888.0,1470.0,1898.0020000000002,1811.168671649505,1949.2372
752,2023-12-31 08:00:00,1867.0,1440.0,1955.4389999999999,1929.1831978111647,1897.3770000000002
753,2023-12-31 09:00:00,1916.0,1301.0,1838.9473,1824.1018168604946,1825.3552
754,2023-12-31 10:00:00,1906.0,1146.0,1955.8962,1965.791907305177,1909.7645
755,2023-12-31 11:00:00,1781.0,1090.0,1883.3159,1863.7857881657028,1957.6108
756,2023-12-31 12:00:00,1690.0,1111.0,1674.8185,1727.2539746319117,1694.9738
757,2023-12-31 13:00:00,1651.0,1173.0,1634.5746,1665.710411473616,1582.3455
758,2023-12-31 14:00:00,1734.0,1188.0,1633.8052,1641.1750114756128,1573.6383
759,2023-12-31 15:00:00,2012.0,1125.0,1808.3695,1787.9161354601058,1738.5972
760,2023-12-31 16:00:00,2332.0,1108.0,2226.8103,2140.276032172585,2309.8972
761,2023-12-31 17:00:00,2630.0,1186.0,2543.899,2434.373124853504,2624.978
762,2023-12-31 18:00:00,2965.0,1317.0,2814.0229999999997,2728.957578907933,2762.427
763,2023-12-31 19:00:00,3189.0,1411.0,3172.4927,3082.0349364533085,3082.551
764,2023-12-31 20:00:00,2829.0,1341.0,3301.6396,3223.199006534055,3163.8303
765,2023-12-31 21:00:00,2572.0,1246.0,2479.6255,2565.46369552347,2272.1663
766,2023-12-31 22:00:00,2249.0,1228.0,2405.8809,2557.120621496581,2259.6064
767,2023-12-31 23:00:00,2159.0,1313.0,2021.4121,2049.1606169776546,1984.8402
768,2024-01-01 00:00:00,2406.0,1200.0,2146.145,2214.930407251536,1974.9899
769,2024-01-01 01:00:00,2888.0,1323.0,2630.2952,2506.5055699784784,2589.7905
770,2024-01-01 02:00:00,3161.0,1440.0,3236.5562,3094.906252337869,3145.0464
771,2024-01-01 03:00:00,3099.0,1549.0,3304.5774,3170.873668560495,3140.2495
772,2024-01-01 04:00:00,2951.0,1588.0,2982.679,3026.2176115413863,2994.1692
773,2024-01-01 05:00:00,2797.0,1628.0,2816.3335,2879.053542676553,2833.613
774,2024-01-01 06:00:00,2853.0,1611.0,2675.1487,2723.8901564389234,2620.4988
775,2024-01-01 07:00:00,3020.0,1599.0,2913.2509999999997,2907.1865484143077,2988.3843
776,2024-01-01 08:00:00,2999.0,1530.0,3142.5293,3061.045084370817,3139.8579999999997
777,2024-01-01 09:00:00,2931.0,1495.0,2952.1978,2934.146329265017,2845.4592
778,2024-01-01 10:00:00,2971.0,1474.0,2874.8901,2903.2799163151185,2822.4067
779,2024-01-01 11:00:00,2658.0,1450.0,3003.258,2985.596858261502,2934.4878
780,2024-01-01 12:00:00,2421.0,1507.0,2393.9658,2438.332688411585,2559.752
781,2024-01-01 13:00:00,2438.0,1727.0,2273.8142,2394.578387808612,2172.1704
782,2024-01-01 14:00:00,2485.0,1987.0,2490.351,2448.183856350846,2542.9895
783,2024-01-01 15:00:00,2642.0,2218.0,2518.3076,2490.2551187689473,2540.3508
784,2024-01-01 16:00:00,2518.0,2308.0,2762.4487,2714.080015533208,2724.5247
785,2024-01-01 17:00:00,2363.0,2330.0,2390.2466,2381.018890825563,2329.6821
786,2024-01-01 18:00:00,2541.0,2283.0,2249.0447,2337.3000464760844,2217.5515
787,2024-01-01 19:00:00,2660.0,2232.0,2700.1814,2646.641551627291,2552.46
788,2024-01-01 20:00:00,2575.0,2188.0,2725.6490000000003,2647.5900895751456,2710.4585
789,2024-01-01 21:00:00,2538.0,2143.0,2480.7622,2511.9884057794275,2433.8967
790,2024-01-01 22:00:00,2491.0,2090.0,2516.9758,2535.666790722785,2448.8225
791,2024-01-01 23:00:00,2393.0,2037.0,2452.8145,2446.607830899795,2442.1074
792,2024-01-02 00:00:00,2207.0,1887.0,2316.217,2345.084149129364,2303.7852
793,2024-01-02 01:00:00,1899.0,1805.0,2071.6272,2111.348117849047,1959.664
794,2024-01-02 02:00:00,1691.0,1761.0,1680.099,1764.2036768043802,1692.089
795,2024-01-02 03:00:00,1547.0,1747.0,1577.8558,1644.887110011354,1542.3713
796,2024-01-02 04:00:00,1528.0,1698.0,1471.3358,1488.6929424716593,1494.1176
797,2024-01-02 05:00:00,1498.0,1675.0,1544.895,1553.4992178300965,1645.8193
798,2024-01-02 06:00:00,1495.0,1603.0,1481.1815,1466.4316331160294,1541.1757
799,2024-01-02 07:00:00,1607.0,1538.0,1500.1338,1514.6135129360594,1405.5532
800,2024-01-02 08:00:00,1700.0,1492.0,1697.2726,1663.2318561006316,1707.2319
801,2024-01-02 09:00:00,1570.0,1473.0,1752.1884,1720.58839979778,1809.0249
802,2024-01-02 10:00:00,1396.0,1411.0,1443.1713,1479.1933473467368,1432.8057
803,2024-01-02 11:00:00,1332.0,1314.0,1272.5577,1349.585637419471,1163.9712
804,2024-01-02 12:00:00,1389.0,1286.0,1306.2352,1326.7362154888865,1228.337
805,2024-01-02 13:00:00,1467.0,1352.0,1449.2201,1431.1817732935697,1386.5474
806,2024-01-02 14:00:00,1445.0,1455.0,1526.1674,1491.5712336200147,1606.7268
807,2024-01-02 15:00:00,1529.0,1562.0,1416.2709,1419.8949273992996,1440.9214
808,2024-01-02 16:00:00,1516.0,1710.0,1602.9252,1596.9271445707489,1489.6075
809,2024-01-02 17:00:00,1524.0,1805.0,1485.6155,1468.6138588017848,1534.8984
810,2024-01-02 18:00:00,1525.0,1861.0,1531.0775,1559.3513786902545,1554.3134
811,2024-01-02 19:00:00,1740.0,1829.0,1521.4044,1505.7622902969513,1516.7435
812,2024-01-02 20:00:00,1780.0,1763.0,1915.5194,1879.865983680487,1847.2926
813,2024-01-02 21:00:00,1653.0,1681.0,1770.0084,1715.9502859609875,1809.8137
814,2024-01-02 22:00:00,1459.0,1641.0,1536.3367,1613.8754503564246,1449.9413
815,2024-01-02 23:00:00,1363.0,1698.0,1314.3832,1367.7827342490104,1189.6456
816,2024-01-03 00:00:00,1495.0,1753.0,1315.1425,1364.9172690769087,1264.4266
817,2024-01-03 01:00:00,1640.0,1762.0,1622.2942,1576.3318539408756,1571.3167
818,2024-01-03 02:00:00,1864.0,1759.0,1739.1747,1678.1120623982233,1788.3473
819,2024-01-03 03:00:00,1925.0,1757.0,2022.6484,1972.0428481079125,1968.8556
820,2024-01-03 04:00:00,1940.0,1768.0,1927.7859,1890.2147382332025,1907.1218
821,2024-01-03 05:00:00,1901.0,1812.0,1929.6581,1963.7925132907776,1919.4868
822,2024-01-03 06:00:00,1801.0,1856.0,1853.5539999999999,1857.1106938780983,1899.4707
823,2024-01-03 07:00:00,1877.0,1893.0,1715.3037,1763.1317059324135,1775.5155
824,2024-01-03 08:00:00,1851.0,1959.0,1952.1503,1940.9939934400134,1864.0405
825,2024-01-03 09:00:00,1879.0,2027.0,1813.4884,1791.5511752802206,1788.7169
826,2024-01-03 10:00:00,1760.0,1978.0,1905.9147,1926.8862681187647,1860.2516
827,2024-01-03 11:00:00,1626.0,1838.0,1651.4741,1655.6012174323557,1617.9224
828,2024-01-03 12:00:00,1487.0,1742.0,1534.3352,1607.6841413198892,1499.7992
829,2024-01-03 13:00:00,1502.0,1724.0,1391.1229999999998,1416.0384125330154,1382.9502
830,2024-01-03 14:00:00,1592.0,1809.0,1539.6344,1556.3585423041984,1608.818
831,2024-01-03 15:00:00,1816.0,1947.0,1662.5889,1614.0079954630512,1646.8888
832,2024-01-03 16:00:00,2022.0,2048.0,1983.1952,1934.7367201434304,2018.3845
833,2024-01-03 17:00:00,2039.0,2092.0,2147.8579999999997,2066.9598634941144,2206.6785
834,2024-01-03 18:00:00,1963.0,2113.0,2005.3895,2013.5886993947413,1888.9274
835,2024-01-03 19:00:00,1949.0,2114.0,1883.4574,1925.3216091890854,1889.9183
836,2024-01-03 20:00:00,1864.0,2131.0,1938.2612,1956.7444489936609,1883.7981
837,2024-01-03 21:00:00,1889.0,2102.0,1789.0836,1802.6370553050635,1779.4755
838,2024-01-03 22:00:00,1907.0,1993.0,1923.194,1936.0236561568188,1921.5011
839,2024-01-03 23:00:00,1857.0,1911.0,1916.3722,1883.532892189568,2000.7554
840,2024-01-04 00:00:00,1822.0,1727.0,1811.2144,1836.0276675031091,1827.1689999999999
841,2024-01-04 01:00:00,1814.0,1662.0,1800.3938,1809.315070914695,1793.2628
842,2024-01-04 02:00:00,1706.0,1619.0,1809.4369,1812.8472866404727,1769.9808
843,2024-01-04 03:00:00,1612.0,1621.0,1613.7802,1639.1662052451245,1565.8802
844,2024-01-04 04:00:00,1536.0,1576.0,1550.8019,1595.4450422486582,1551.1998
845,2024-01-04 05:00:00,1515.0,1564.0,1488.1472,1501.3128072173733,1471.8667
846,2024-01-04 06:00:00,1517.0,1564.0,1510.9761,1525.179419605725,1553.5837
847,2024-01-04 07:00:00,1624.0,1584.0,1520.5413,1513.8480362017199,1566.9651
848,2024-01-04 08:00:00,1691.0,1590.0,1710.3047,1690.6798505853092,1728.5635
849,2024-01-04 09:00:00,1641.0,1563.0,1722.7333,1689.6041131904392,1691.3845
850,2024-01-04 10:00:00,1508.0,1483.0,1582.1688,1610.8449982284117,1618.0298
851,2024-01-04 11:00:00,1476.0,1406.0,1401.8965,1447.480195643263,1359.6438
852,2024-01-04 12:00:00,1494.0,1343.0,1467.3024,1495.9596714932861,1478.589
853,2024-01-04 13:00:00,1401.0,1360.0,1511.1244,1495.0795405343015,1526.4719
854,2024-01-04 14:00:00,1432.0,1414.0,1322.2622,1347.9050197869271,1293.4448
855,2024-01-04 15:00:00,1442.0,1476.0,1477.7096,1486.6036334640353,1587.4563
856,2024-01-04 16:00:00,1351.0,1504.0,1442.6827,1418.1771025041446,1477.5509
857,2024-01-04 17:00:00,1327.0,1503.0,1273.1328,1315.2381896191393,1274.2202
858,2024-01-04 18:00:00,1373.0,1489.0,1322.6826,1339.6918099855625,1283.9441
859,2024-01-04 19:00:00,1397.0,1507.0,1411.6719,1397.8872269652677,1270.0581
860,2024-01-04 20:00:00,1389.0,1580.0,1407.5392,1400.629925997776,1305.9167
861,2024-01-04 21:00:00,1457.0,1640.0,1377.8036,1386.2560694489734,1358.325
862,2024-01-04 22:00:00,1605.0,1700.0,1512.7567,1502.9956256444407,1442.5084
863,2024-01-04 23:00:00,1670.0,1753.0,1708.8929999999998,1667.0972249313547,1752.0146
864,2024-01-05 00:00:00,1618.0,1817.0,1693.0321,1670.580957496428,1746.4768
865,2024-01-05 01:00:00,1690.0,1881.0,1557.9591,1585.8726421838267,1537.707
866,2024-01-05 02:00:00,1613.0,1952.0,1754.3608,1751.7216486221432,1775.2332
867,2024-01-05 03:00:00,1457.0,1971.0,1527.4706,1528.614251585523,1538.5902
868,2024-01-05 04:00:00,1330.0,1933.0,1340.8167,1416.4636701229226,1318.3824
869,2024-01-05 05:00:00,1267.0,1897.0,1252.4369,1282.923853904325,1276.9452
870,2024-01-05 06:00:00,1330.0,1880.0,1239.0073,1264.0371510285631,1215.9486
871,2024-01-05 07:00:00,1453.0,1878.0,1397.5813,1375.5786169172086,1372.6324
872,2024-01-05 08:00:00,1504.0,1918.0,1544.6229,1503.132837269215,1478.5074
873,2024-01-05 09:00:00,1584.0,1942.0,1523.1241,1506.5963627043689,1601.057
874,2024-01-05 10:00:00,1579.0,1880.0,1634.27,1631.5524280434142,1643.7416
875,2024-01-05 11:00:00,1634.0,1789.0,1552.0204,1547.653633451657,1555.7511
876,2024-01-05 12:00:00,1615.0,1666.0,1671.4637,1686.0044459874714,1692.0536
877,2024-01-05 13:00:00,1572.0,1552.0,1582.6165,1571.735194532499,1638.4784
878,2024-01-05 14:00:00,1496.0,1518.0,1535.7053,1572.8964644503706,1632.7317
879,2024-01-05 15:00:00,1339.0,1489.0,1436.8135,1451.4874751381485,1430.6896
880,2024-01-05 16:00:00,1226.0,1438.0,1219.7772,1275.9311542129954,1249.2937
881,2024-01-05 17:00:00,1011.0,1340.0,1163.6351,1203.1682249905475,1202.1783
882,2024-01-05 18:00:00,799.0,1282.0,855.5491300000001,905.9180256554108,917.0745
883,2024-01-05 19:00:00,710.0,1241.0,669.91254,749.886015181348,645.5529
884,2024-01-05 20:00:00,764.0,1251.0,682.83514,703.3688812417296,674.1556
885,2024-01-05 21:00:00,802.0,1164.0,830.82275,817.4145775280783,766.38104
886,2024-01-05 22:00:00,800.0,1012.0,827.7074,808.4421008648744,884.91254
887,2024-01-05 23:00:00,809.0,790.0,794.5063,810.7168676554369,809.1591
888,2024-01-06 00:00:00,807.0,956.0,814.20776,823.6268258402647,824.12146
889,2024-01-06 01:00:00,693.0,884.0,799.32794,812.6000526902012,794.85333
890,2024-01-06 02:00:00,611.0,814.0,596.99854,638.2278650427844,570.0294
891,2024-01-06 03:00:00,550.0,738.0,567.21375,613.9783825233562,551.36774
892,2024-01-06 04:00:00,491.0,644.0,516.10803,531.8243248186814,532.4254
893,2024-01-06 05:00:00,399.0,544.0,459.98343,488.0481725235117,453.32397000000003
894,2024-01-06 06:00:00,321.0,484.0,341.69183,368.52310749348544,358.10425
895,2024-01-06 07:00:00,295.0,441.0,282.54648,317.27828586462374,356.97046
896,2024-01-06 08:00:00,257.0,403.0,294.65323,307.12390622025373,284.6439
897,2024-01-06 09:00:00,221.0,339.0,236.32113999999999,252.92933323817687,219.2749
898,2024-01-06 10:00:00,191.0,280.0,206.54831000000001,228.6825033746377,210.97933999999998
899,2024-01-06 11:00:00,146.0,237.0,178.02014,195.7608815765168,151.38509
900,2024-01-06 12:00:00,137.0,228.0,118.96055600000001,144.2843799264947,107.51661000000001
901,2024-01-06 13:00:00,171.0,211.0,144.62001,161.27275092366585,119.26424399999999
902,2024-01-06 14:00:00,202.0,217.0,206.29578,204.947993170018,181.93059
903,2024-01-06 15:00:00,238.0,232.0,225.94672000000003,227.63536111921871,235.93385
904,2024-01-06 16:00:00,255.0,260.0,268.15546,271.0234949321034,315.75473
905,2024-01-06 17:00:00,345.0,294.0,264.85626,271.64674267969826,227.7863
906,2024-01-06 18:00:00,527.0,341.0,422.44586,414.2249718913804,421.83205999999996
907,2024-01-06 19:00:00,715.0,385.0,665.2518299999999,616.6482582422185,609.3602
908,2024-01-06 20:00:00,963.0,438.0,839.1725,792.218222564418,854.3573
909,2024-01-06 21:00:00,1161.0,520.0,1138.2988,1079.411340861649,1244.0204
910,2024-01-06 22:00:00,1282.0,615.0,1274.9701,1219.3172197983056,1322.1196
911,2024-01-06 23:00:00,1335.0,743.0,1338.7212,1326.4565521280344,1357.4001
912,2024-01-07 00:00:00,1283.0,987.0,1348.6663,1345.5035311255301,1362.5264
913,2024-01-07 01:00:00,1363.0,1106.0,1220.3241,1251.3251227350106,1192.0123
914,2024-01-07 02:00:00,1502.0,1274.0,1441.4131,1435.6539156857298,1426.6901
915,2024-01-07 03:00:00,1405.0,1438.0,1599.8165,1544.373857856729,1591.1456
916,2024-01-07 04:00:00,1281.0,1473.0,1292.0116,1324.1986583738894,1319.2167
917,2024-01-07 05:00:00,1265.0,1512.0,1195.7405,1261.1000652854013,1163.8777
918,2024-01-07 06:00:00,1247.0,1531.0,1271.0189,1274.0479341660905,1266.4022
919,2024-01-07 07:00:00,1227.0,1533.0,1230.3027,1237.5830515091268,1267.8416
920,2024-01-07 08:00:00,1264.0,1618.0,1213.7386,1227.9842971755595,1271.3309
921,2024-01-07 09:00:00,1368.0,1669.0,1296.3066,1292.591629124985,1363.5427
922,2024-01-07 10:00:00,1400.0,1787.0,1442.5227,1418.5064209442392,1445.0438
923,2024-01-07 11:00:00,1502.0,1861.0,1399.4323,1392.7786692604764,1457.6736
924,2024-01-07 12:00:00,1618.0,1964.0,1574.8601,1570.4389718495138,1606.5719
925,2024-01-07 13:00:00,1759.0,2163.0,1687.0842,1646.6776037889829,1779.2168
926,2024-01-07 14:00:00,1890.0,2476.0,1845.1257,1824.291932326234,1855.2267
927,2024-01-07 15:00:00,2072.0,2840.0,1965.4188,1924.3852309756253,2049.9836
928,2024-01-07 16:00:00,2366.0,3161.0,2190.1929,2152.622572447028,2172.7327
929,2024-01-07 17:00:00,2736.0,3444.0,2568.8499,2480.8643866938337,2526.4426
930,2024-01-07 18:00:00,3047.0,3669.0,2977.7908,2869.052585394505,2881.9248
931,2024-01-07 19:00:00,3262.0,3854.0,3229.344,3127.07412304894,3186.6675
932,2024-01-07 20:00:00,3366.0,3965.0,3366.2004,3311.757470751915,3490.883
933,2024-01-07 21:00:00,3621.0,4053.0,3397.9763,3364.686843864416,3414.7283
934,2024-01-07 22:00:00,3683.0,4124.0,3787.2087,3737.688593993533,3761.4019
935,2024-01-07 23:00:00,3628.0,4098.0,3684.6086,3609.367570368589,3640.5723
936,2024-01-08 00:00:00,3630.0,4418.0,3557.5125,3600.0199405634357,3596.2715
937,2024-01-08 01:00:00,3507.0,4226.0,3630.9553,3608.91639400133,3584.6824
938,2024-01-08 02:00:00,3289.0,3936.0,3397.1240000000003,3408.077227681401,3363.8794
939,2024-01-08 03:00:00,2886.0,3706.0,3125.784,3183.838547361281,2987.5356
940,2024-01-08 04:00:00,2601.0,3751.0,2588.7651,2679.902757160125,2590.8252
941,2024-01-08 05:00:00,2674.0,3776.0,2433.3276,2533.598090703501,2317.8132
942,2024-01-08 06:00:00,2631.0,3842.0,2780.1262,2738.572613251813,2599.6575
943,2024-01-08 07:00:00,2466.0,3875.0,2585.9139999999998,2545.573682272514,2580.9243
944,2024-01-08 08:00:00,2292.0,3639.0,2337.3015,2400.822810538565,2423.3804
945,2024-01-08 09:00:00,2012.0,3245.0,2171.7412,2212.42624686119,2190.4163
946,2024-01-08 10:00:00,1733.0,2749.0,1807.9025,1882.172178751056,1824.1396
947,2024-01-08 11:00:00,1565.0,2192.0,1552.1548,1639.807639187893,1568.3854
948,2024-01-08 12:00:00,1327.0,1691.0,1479.6658,1520.3381168205144,1531.786
949,2024-01-08 13:00:00,1238.0,1402.0,1168.6927,1214.8840569308866,1224.0321
950,2024-01-08 14:00:00,1682.0,1364.0,1216.343,1259.3196918015108,1103.8666
951,2024-01-08 15:00:00,2413.0,1553.0,2060.3037,1937.751577348916,2104.681
952,2024-01-08 16:00:00,3008.0,2024.0,2933.1433,2686.5027227484743,2921.054
953,2024-01-08 17:00:00,3394.0,2540.0,3376.1353,3176.360624806875,3310.6392
954,2024-01-08 18:00:00,3603.0,2844.0,3596.0967,3491.656486615621,3548.6104
955,2024-01-08 19:00:00,3898.0,3186.0,3683.679,3631.8985853031872,3604.1965
956,2024-01-08 20:00:00,4075.0,3561.0,4070.208,4015.5084985840613,3914.9040000000005
957,2024-01-08 21:00:00,4329.0,3834.0,4160.8804,4063.307918467512,4157.782
958,2024-01-08 22:00:00,4469.0,4163.0,4490.1523,4438.112454733655,4365.5674
959,2024-01-08 23:00:00,4471.0,4381.0,4543.742,4432.490603786995,4519.2046
960,2024-01-09 00:00:00,4633.0,4349.0,4449.4346,4439.119983567617,4451.8584
961,2024-01-09 01:00:00,4818.0,4517.0,4748.9443,4692.749138325722,4743.859
962,2024-01-09 02:00:00,5049.0,4662.0,4941.0835,4832.5449844572795,4899.952
963,2024-01-09 03:00:00,5101.0,4788.0,5194.0103,5114.8690445520615,4912.464
964,2024-01-09 04:00:00,5132.0,4895.0,5114.617,5025.688104456482,5009.0703
965,2024-01-09 05:00:00,5241.0,4922.0,5141.4995,5129.325726374671,5040.857
966,2024-01-09 06:00:00,5240.0,5033.0,5312.3647,5239.733871425045,5407.9204
967,2024-01-09 07:00:00,5281.0,5068.0,5230.263,5170.981993646679,5244.186
968,2024-01-09 08:00:00,5183.0,4975.0,5303.9395,5278.123996790234,4479.454000000001
969,2024-01-09 09:00:00,5107.0,4890.0,5113.6904,5057.0360478228295,4950.854
970,2024-01-09 10:00:00,5037.0,4888.0,5059.8574,5070.831432624139,5089.8687
971,2024-01-09 11:00:00,5102.0,4893.0,5000.4106,4951.214028142127,4978.951
972,2024-01-09 12:00:00,5056.0,4864.0,5154.411,5127.480038048464,5064.9707
973,2024-01-09 13:00:00,4932.0,4778.0,5021.8994,4946.99042984867,5086.976
974,2024-01-09 14:00:00,4764.0,4615.0,4849.4224,4859.702378444044,5007.737
975,2024-01-09 15:00:00,4511.0,4465.0,4655.8584,4645.694455886102,4612.45
976,2024-01-09 16:00:00,4227.0,4222.0,4343.3545,4373.666630302434,4309.879
977,2024-01-09 17:00:00,3879.0,3993.0,4047.4287,4087.6833851511456,4110.7656
978,2024-01-09 18:00:00,3395.0,3626.0,3649.7788,3708.4555540629412,3610.0981
979,2024-01-09 19:00:00,2843.0,3243.0,3072.3433,3169.8010863167456,3006.9802
980,2024-01-09 20:00:00,2463.0,3080.0,2485.8389,2620.200342569757,2258.377
981,2024-01-09 21:00:00,2316.0,3074.0,2255.1409,2350.828464266033,2134.7727
982,2024-01-09 22:00:00,2261.0,3193.0,2265.9907,2281.2221940536665,2414.407
983,2024-01-09 23:00:00,2211.0,3301.0,2249.08,2236.192748044732,2123.5166
984,2024-01-10 00:00:00,2115.0,2497.0,2189.089,2184.134893992413,2146.489
985,2024-01-10 01:00:00,2138.0,2470.0,2051.262,2063.2177158227914,2141.495
986,2024-01-10 02:00:00,2386.0,2752.0,2167.556,2173.469842810857,2210.4722
987,2024-01-10 03:00:00,2508.0,2930.0,2574.2134,2500.6176223652546,2542.5698
988,2024-01-10 04:00:00,2843.0,2958.0,2570.1848,2495.2408303834163,2558.9277
989,2024-01-10 05:00:00,3250.0,2933.0,3080.18,3031.190413619027,2896.0959999999995
990,2024-01-10 06:00:00,3628.0,2922.0,3520.8616,3351.7881266596205,3493.6582
991,2024-01-10 07:00:00,4074.0,2743.0,3859.3035,3757.5952979721383,3728.6658
992,2024-01-10 08:00:00,4577.0,2939.0,4358.8679999999995,4219.682339276202,4301.6655
993,2024-01-10 09:00:00,4823.0,3302.0,4893.193,4738.32266315265,4666.085999999999
994,2024-01-10 10:00:00,5014.0,3673.0,4944.8164,4813.551489574221,4731.973
995,2024-01-10 11:00:00,5089.0,4100.0,5113.54,5071.662760742796,5175.444
996,2024-01-10 12:00:00,5092.0,4418.0,5123.4844,5033.724869066253,5060.9956
997,2024-01-10 13:00:00,5241.0,4579.0,5082.2627,5061.675129833087,5163.7427
998,2024-01-10 14:00:00,5363.0,4799.0,5349.8325,5281.840838811566,5329.188
999,2024-01-10 15:00:00,5472.0,4968.0,5445.4526,5341.84343034911,5333.2715
1000,2024-01-10 16:00:00,5652.0,5038.0,5538.743,5478.841178335917,5378.7104
1001,2024-01-10 17:00:00,5624.0,5205.0,5773.7437,5681.9422712056485,5412.2437
1002,2024-01-10 18:00:00,5592.0,5197.0,5597.6797,5513.615319060988,5451.0254
1003,2024-01-10 19:00:00,5571.0,5163.0,5567.384,5565.380209349146,5304.0547
1004,2024-01-10 20:00:00,5603.0,5060.0,5565.8516,5500.474117392858,5388.5044
1005,2024-01-10 21:00:00,5552.0,4953.0,5626.6616,5591.066650530087,5590.723000000001
1006,2024-01-10 22:00:00,5452.0,4834.0,5519.977,5454.73429375187,5371.0977
1007,2024-01-10 23:00:00,5383.0,4550.0,5390.8315,5378.709810094332,5279.1646
1008,2024-01-11 00:00:00,5233.0,5124.0,5347.0913,5315.308203963805,5323.2407
1009,2024-01-11 01:00:00,5131.0,5006.0,5138.7637,5115.269352986885,5097.223
1010,2024-01-11 02:00:00,5187.0,4977.0,5071.7773,5074.88950631927,5127.649
1011,2024-01-11 03:00:00,5176.0,4943.0,5242.2827,5188.7273485686765,5016.854
1012,2024-01-11 04:00:00,5051.0,5003.0,5170.956,5101.892520821325,5104.0835
1013,2024-01-11 05:00:00,4996.0,4946.0,4966.821,4955.925921823049,5179.5215
1014,2024-01-11 06:00:00,4980.0,4825.0,4971.9917,4957.417370713323,4779.8486
1015,2024-01-11 07:00:00,4845.0,4651.0,4976.605,4931.0970624293495,4848.7393
1016,2024-01-11 08:00:00,4670.0,4482.0,4750.9253,4732.321570958888,4884.491
1017,2024-01-11 09:00:00,4307.0,4139.0,4557.4854,4575.032682850643,4593.277
1018,2024-01-11 10:00:00,3780.0,3651.0,4066.4963,4093.2510158527452,4021.7903
1019,2024-01-11 11:00:00,3081.0,3114.0,3427.96,3548.370703553065,3254.2021
1020,2024-01-11 12:00:00,2529.0,2684.0,2616.0537,2768.359517330849,2392.7473
1021,2024-01-11 13:00:00,2129.0,2330.0,2205.6707,2365.836679275321,2172.7087
1022,2024-01-11 14:00:00,1941.0,1933.0,1910.5615,1974.9395180315562,1889.8932
1023,2024-01-11 15:00:00,1568.0,1477.0,1867.101,1914.325219700836,1782.7179
1024,2024-01-11 16:00:00,1194.0,1173.0,1325.115,1357.8332026808805,1338.2777
1025,2024-01-11 17:00:00,948.0,997.0,974.8168,1102.3227010750784,1000.4971300000001
1026,2024-01-11 18:00:00,853.0,873.0,824.8241,866.7876002484113,729.87585
1027,2024-01-11 19:00:00,1032.0,824.0,826.7466,859.3564773737259,854.1731
1028,2024-01-11 20:00:00,1514.0,1001.0,1196.8867,1148.7222280620938,1212.2603
1029,2024-01-11 21:00:00,2195.0,1226.0,1874.7839,1739.1230989446149,1797.1907
1030,2024-01-11 22:00:00,2916.0,1417.0,2664.9028,2462.495541817722,2709.0240000000003
1031,2024-01-11 23:00:00,3182.0,1351.0,3384.511,3168.4209846076033,3340.8203
1032,2024-01-12 00:00:00,3305.0,1388.0,3284.9985,3160.680012336817,3361.1428
1033,2024-01-12 01:00:00,3264.0,1368.0,3336.2625,3361.2180305113243,3454.127
1034,2024-01-12 02:00:00,3502.0,1455.0,3194.1406,3173.483425597321,3116.3733
1035,2024-01-12 03:00:00,3848.0,1440.0,3683.5916,3666.951762445223,3632.522
1036,2024-01-12 04:00:00,4194.0,1495.0,4089.0015,3916.427179617111,4104.3916
1037,2024-01-12 05:00:00,4293.0,1713.0,4418.1953,4314.988167695801,4237.235
1038,2024-01-12 06:00:00,4190.0,1737.0,4326.1357,4229.251618473849,4301.164000000001
1039,2024-01-12 07:00:00,3770.0,1567.0,4081.5261,4117.650536972924,4181.143
1040,2024-01-12 08:00:00,3264.0,1466.0,3444.7136,3517.154864862752,3380.4592
1041,2024-01-12 09:00:00,2716.0,1389.0,2913.264,3078.3250901034835,2715.8203
1042,2024-01-12 10:00:00,2397.0,1200.0,2353.1946,2473.956357185716,2225.8171
1043,2024-01-12 11:00:00,1903.0,941.0,2234.5554,2335.344613288608,2209.3652
1044,2024-01-12 12:00:00,1261.0,761.0,1564.0894,1633.7201278035361,1605.7817
1045,2024-01-12 13:00:00,1094.0,673.0,841.81915,1040.3965030624042,701.063
1046,2024-01-12 14:00:00,1135.0,747.0,1085.7731,1137.0315577653596,975.51044
1047,2024-01-12 15:00:00,1517.0,630.0,1200.112,1143.2448959664528,1213.7509
1048,2024-01-12 16:00:00,1343.0,525.0,1822.7854,1747.572151871188,1866.1985
1049,2024-01-12 17:00:00,1242.0,607.0,1144.2507,1101.460773269102,1314.6096
1050,2024-01-12 18:00:00,1241.0,791.0,1182.6536,1335.2022415235353,1157.1696
1051,2024-01-12 19:00:00,1469.0,1014.0,1241.9193,1190.9784675018004,1316.1926
1052,2024-01-12 20:00:00,2073.0,1373.0,1645.7983,1641.7302937304269,1717.2739
1053,2024-01-12 21:00:00,2965.0,1914.0,2525.8562,2327.7755280049687,2701.8433
1054,2024-01-12 22:00:00,4176.0,2406.0,3587.1982,3328.6762747025077,3482.9285
1055,2024-01-12 23:00:00,4944.0,2890.0,4983.0723,4645.527180990854,4349.9453
1056,2024-01-13 00:00:00,5359.0,3481.0,5385.706,5063.7731511929705,4936.885
1057,2024-01-13 01:00:00,5486.0,3845.0,5541.7954,5469.376425714667,5468.891
1058,2024-01-13 02:00:00,5587.0,4150.0,5505.401,5423.5845402042,5419.543000000001
1059,2024-01-13 03:00:00,5685.0,4410.0,5631.5806,5612.7023173370235,5567.4478
1060,2024-01-13 04:00:00,5667.0,4585.0,5747.4404,5653.331964077838,5411.8257
1061,2024-01-13 05:00:00,5639.0,4728.0,5655.4536,5599.872339572201,5445.463000000001
1062,2024-01-13 06:00:00,5556.0,4788.0,5626.889,5588.019987931733,5413.6997
1063,2024-01-13 07:00:00,5462.0,4768.0,5511.4907,5463.036488550642,5536.3564
1064,2024-01-13 08:00:00,5340.0,4792.0,5407.2026,5389.748210035493,5390.674
1065,2024-01-13 09:00:00,5117.0,4781.0,5264.0854,5240.192836428684,5219.6826
1066,2024-01-13 10:00:00,4912.0,4658.0,4963.4116,4976.306125136902,4995.6035
1067,2024-01-13 11:00:00,4784.0,4484.0,4782.6475,4811.087013980528,4716.2554
1068,2024-01-13 12:00:00,4579.0,4345.0,4704.0596,4708.230739466624,4539.8696
1069,2024-01-13 13:00:00,4244.0,4322.0,4440.4136,4444.506194253437,4527.97
1070,2024-01-13 14:00:00,3950.0,4244.0,4011.808,4072.0519781519397,3873.4749
1071,2024-01-13 15:00:00,3544.0,3923.0,3763.572,3831.5091858160436,3509.573
1072,2024-01-13 16:00:00,3057.0,3374.0,3269.9382,3331.8254815478376,3199.7715
1073,2024-01-13 17:00:00,2740.0,3013.0,2730.3772,2861.7364016695783,2831.8193
1074,2024-01-13 18:00:00,2265.0,2786.0,2565.5073,2644.4331037261113,2448.4912
1075,2024-01-13 19:00:00,2045.0,2522.0,1946.5686,2020.6796636593053,2037.5356
1076,2024-01-13 20:00:00,1840.0,2291.0,1951.8085,2052.086478207245,1962.4202
1077,2024-01-13 21:00:00,1681.0,2148.0,1725.4838,1706.2923740289614,1624.6362
1078,2024-01-13 22:00:00,1562.0,2051.0,1595.8735,1664.6742018240375,1459.2620000000002
1079,2024-01-13 23:00:00,1420.0,2032.0,1502.5353,1500.5789439100872,1492.9135
1080,2024-01-14 00:00:00,1409.0,1952.0,1333.7136,1374.817644087513,1348.3896
1081,2024-01-14 01:00:00,1329.0,1942.0,1428.4386,1434.2812670495582,1463.5577
1082,2024-01-14 02:00:00,1293.0,1853.0,1274.9078,1270.4288559033819,1257.02
1083,2024-01-14 03:00:00,1206.0,1797.0,1284.1671,1313.3879846777625,1238.5321
1084,2024-01-14 04:00:00,1152.0,1749.0,1149.8668,1148.4884091099152,1024.6523
1085,2024-01-14 05:00:00,1128.0,1719.0,1130.7079,1163.411826207086,1052.3419
1086,2024-01-14 06:00:00,1030.0,1710.0,1124.8705,1116.04215221807,1082.2997
1087,2024-01-14 07:00:00,949.0,1690.0,964.4893,988.9160898768947,969.17163
1088,2024-01-14 08:00:00,1007.0,1753.0,909.47656,937.6984172947084,908.63306
1089,2024-01-14 09:00:00,955.0,1682.0,1076.3529,1061.4507390443828,1138.67
1090,2024-01-14 10:00:00,962.0,1617.0,909.79297,902.8499979058513,882.54663
1091,2024-01-14 11:00:00,973.0,1739.0,985.4897,1011.0895315912551,996.03485
1092,2024-01-14 12:00:00,942.0,1872.0,983.1690699999999,962.3564448156984,1037.302
1093,2024-01-14 13:00:00,985.0,2057.0,917.9459,942.800450164058,914.74
1094,2024-01-14 14:00:00,1293.0,2316.0,1029.0293,1023.2700186099877,993.07074
1095,2024-01-14 15:00:00,1588.0,2548.0,1540.1594,1464.6744478850464,1587.1776
1096,2024-01-14 16:00:00,1761.0,2722.0,1774.8168,1664.4106141492127,1955.1344
1097,2024-01-14 17:00:00,1816.0,2958.0,1847.8275,1817.7418475943948,1930.1277
1098,2024-01-14 18:00:00,1823.0,3146.0,1817.7649,1811.491035711281,1866.6525
1099,2024-01-14 19:00:00,1803.0,3283.0,1804.2747,1826.4696263391024,1755.289
1100,2024-01-14 20:00:00,1804.0,3423.0,1774.6488,1785.4373675995032,1815.1752
1101,2024-01-14 21:00:00,1821.0,3502.0,1803.5918,1812.1509283547625,1900.777
1102,2024-01-14 22:00:00,2038.0,3522.0,1830.9048,1822.879402550517,1747.0809
1103,2024-01-14 23:00:00,2146.0,3467.0,2212.487,2162.008549889121,2023.3462
1104,2024-01-15 00:00:00,2050.0,1728.0,2191.078,2126.450393404972,2305.6892
1105,2024-01-15 01:00:00,1909.0,1736.0,1942.1768,1995.284312509564,1960.1704
1106,2024-01-15 02:00:00,1809.0,1701.0,1797.5148,1850.9568834202128,1697.5427
1107,2024-01-15 03:00:00,1699.0,1689.0,1741.1035,1780.0077572459313,1774.5507
1108,2024-01-15 04:00:00,1595.0,1646.0,1619.7057,1648.2038950676215,1554.2128
1109,2024-01-15 05:00:00,1558.0,1618.0,1528.0609,1563.215964837901,1448.1998
1110,2024-01-15 06:00:00,1621.0,1585.0,1546.7883,1556.303031187251,1591.7367
1111,2024-01-15 07:00:00,1593.0,1501.0,1677.4712,1660.9005808953875,1824.0052
1112,2024-01-15 08:00:00,1589.0,1385.0,1555.7554,1552.2570351044349,1551.1248
1113,2024-01-15 09:00:00,1570.0,1303.0,1587.2809,1612.398502400169,1667.0588
1114,2024-01-15 10:00:00,1577.0,1204.0,1546.8977,1545.309838701565,1637.8839
1115,2024-01-15 11:00:00,1539.0,1075.0,1580.2751,1597.5323646836325,1541.8601
1116,2024-01-15 12:00:00,1491.0,1050.0,1502.7596,1505.0273024554806,1500.8873
1117,2024-01-15 13:00:00,1368.0,1211.0,1454.2255,1485.1901200807888,1470.7994
1118,2024-01-15 14:00:00,1136.0,1466.0,1272.8376,1301.3889391507414,1305.5498
1119,2024-01-15 15:00:00,1053.0,1746.0,966.8548,1044.315226619575,1042.8053
1120,2024-01-15 16:00:00,1061.0,1945.0,1031.0148,1069.4696193055067,901.4889999999999
1121,2024-01-15 17:00:00,1049.0,1990.0,1085.6608,1066.813148169391,1030.6792
1122,2024-01-15 18:00:00,1021.0,2015.0,1043.6155,1049.3188523522117,1069.8494
1123,2024-01-15 19:00:00,999.0,2126.0,1003.947,1015.4195536070436,1047.1387
1124,2024-01-15 20:00:00,906.0,2180.0,987.5683,1001.1234772962973,986.4651
1125,2024-01-15 21:00:00,889.0,2199.0,831.18494,861.7144408807876,815.57117
1126,2024-01-15 22:00:00,926.0,2206.0,893.9071,919.9796775285361,903.3058
1127,2024-01-15 23:00:00,942.0,2280.0,958.79663,943.2525688368044,976.0616
1128,2024-01-16 00:00:00,979.0,1798.0,949.8286,954.4988069885233,950.4518400000001
1129,2024-01-16 01:00:00,998.0,1849.0,1010.0548,1006.5557608052527,1118.3932
1130,2024-01-16 02:00:00,1057.0,1858.0,1005.0818,1004.9482707379117,1004.52844
1131,2024-01-16 03:00:00,1080.0,1866.0,1103.149,1099.925687190661,1083.9656
1132,2024-01-16 04:00:00,986.0,1938.0,1085.5577,1078.4187707868048,1142.9962
1133,2024-01-16 05:00:00,916.0,1913.0,902.5376,941.837257009548,949.45337
1134,2024-01-16 06:00:00,850.0,1855.0,876.8607,913.9331594105784,888.3127
1135,2024-01-16 07:00:00,799.0,1792.0,808.4774,825.8707380955078,819.9459
1136,2024-01-16 08:00:00,735.0,1718.0,772.66565,798.5291576926891,848.1662
1137,2024-01-16 09:00:00,706.0,1610.0,695.8923,713.298690570403,756.06934
1138,2024-01-16 10:00:00,733.0,1479.0,699.69,719.2743789828111,581.75006
1139,2024-01-16 11:00:00,688.0,1386.0,762.5168,758.6293402330983,790.9728
1140,2024-01-16 12:00:00,643.0,1314.0,646.4404,662.8209600279947,621.254
1141,2024-01-16 13:00:00,617.0,1338.0,617.2359,649.7883962243102,515.3533
1142,2024-01-16 14:00:00,581.0,1386.0,603.27997,616.3527068568748,578.22485
1143,2024-01-16 15:00:00,526.0,1400.0,556.1908,579.465674474257,552.65344
1144,2024-01-16 16:00:00,541.0,1393.0,490.0585,514.4195348298654,452.53378
1145,2024-01-16 17:00:00,535.0,1358.0,568.34644,578.1374838503195,595.9434
1146,2024-01-16 18:00:00,533.0,1281.0,527.538,529.5632798900157,533.36633
1147,2024-01-16 19:00:00,608.0,1187.0,536.9269400000001,556.1121192121041,538.10785
1148,2024-01-16 20:00:00,777.0,1125.0,673.7969400000001,659.3460530311701,773.24475
1149,2024-01-16 21:00:00,1043.0,1117.0,905.3993,865.3876941127091,1001.3761599999999
1150,2024-01-16 22:00:00,1133.0,1169.0,1235.2466,1163.032144061088,1302.3168
1151,2024-01-16 23:00:00,1019.0,1266.0,1152.4585,1124.1827116967097,1163.9536
1152,2024-01-17 00:00:00,946.0,1587.0,899.22406,966.34897013343,885.8349
1153,2024-01-17 01:00:00,818.0,1371.0,903.2832599999999,946.679209303436,856.5787
1154,2024-01-17 02:00:00,721.0,1135.0,718.77515,754.7856059013786,774.1104
1155,2024-01-17 03:00:00,646.0,933.0,672.2267,717.7330941593734,726.66425
1156,2024-01-17 04:00:00,609.0,851.0,608.5215,620.9234529439973,579.2801
1157,2024-01-17 05:00:00,769.0,955.0,600.1781599999999,621.2451691005882,719.4065
1158,2024-01-17 06:00:00,882.0,1231.0,918.085,875.9658184838077,909.2334
1159,2024-01-17 07:00:00,1163.0,1509.0,943.6893,900.0377819853377,974.16705
1160,2024-01-17 08:00:00,1483.0,1799.0,1380.9135,1332.982259487364,1400.5565
1161,2024-01-17 09:00:00,1707.0,2103.0,1686.5605,1577.713368126634,1849.9856
1162,2024-01-17 10:00:00,1921.0,2274.0,1824.5125,1784.7493497058595,1771.6108
1163,2024-01-17 11:00:00,2106.0,2445.0,2044.8192,1998.9243014767544,2080.4714
1164,2024-01-17 12:00:00,2205.0,2746.0,2203.4834,2162.5263663686733,2285.902
1165,2024-01-17 13:00:00,2315.0,3015.0,2240.7178,2220.072076535753,2229.6365
1166,2024-01-17 14:00:00,2489.0,3391.0,2376.5469,2360.0945250284794,2480.9043
1167,2024-01-17 15:00:00,2765.0,3660.0,2603.4194,2551.585892028483,2683.8809
1168,2024-01-17 16:00:00,3007.0,3860.0,2954.342,2874.085456925587,2980.926
1169,2024-01-17 17:00:00,3458.0,4020.0,3147.915,3062.209171268112,3176.1228
1170,2024-01-17 18:00:00,3830.0,4050.0,3771.5469,3665.7014031400977,3832.3352
1171,2024-01-17 19:00:00,4217.0,4128.0,4044.4109999999996,3888.915322727349,3949.7563
1172,2024-01-17 20:00:00,4248.0,4273.0,4442.5674,4369.06589735612,4387.47
1173,2024-01-17 21:00:00,4318.5,4345.0,4197.9,4124.416718949604,4217.513
1174,2024-01-17 22:00:00,4389.0,4457.0,4343.6,4386.587653533122,4360.5225
1175,2024-01-17 23:00:00,4459.5,4589.0,4419.8906,4338.48543643929,4349.521
1176,2024-01-18 00:00:00,4530.0,4627.0,4494.694,4480.3250116766885,4449.022
1177,2024-01-18 01:00:00,4500.0,4687.0,4566.2915,4505.888727623952,4498.704000000001
1178,2024-01-18 02:00:00,4566.0,4711.0,4462.8853,4442.476885067335,4487.0312
1179,2024-01-18 03:00:00,4522.75,4676.0,4612.31,4586.531434820826,4548.8296
1180,2024-01-18 04:00:00,4479.5,4684.0,4476.806,4429.361231085855,4496.880999999999
1181,2024-01-18 05:00:00,4436.25,4672.0,4446.202,4456.705929481492,4499.085
1182,2024-01-18 06:00:00,4393.0,4598.0,4402.9097,4371.0835612185665,4378.192
1183,2024-01-18 07:00:00,4333.0,4451.0,4363.76,4354.596392136749,4363.4917
1184,2024-01-18 08:00:00,4273.0,4295.0,4289.38,4269.089848849394,4303.0156
1185,2024-01-18 09:00:00,4213.0,4135.0,4230.291,4225.840160833263,4254.3794
1186,2024-01-18 10:00:00,4047.0,3864.0,4173.534000000001,4156.709973827394,4169.9033
1187,2024-01-18 11:00:00,3755.0,3412.0,3927.158,3934.4783993912074,3839.383
1188,2024-01-18 12:00:00,3452.0,3130.0,3550.3855,3605.2324269348273,3488.0283
1189,2024-01-18 13:00:00,3197.0,2982.0,3258.0994,3323.935938193055,3166.8457
1190,2024-01-18 14:00:00,2777.0,2833.0,3041.49,3089.7835925079803,2995.3442
1191,2024-01-18 15:00:00,2619.0,2715.0,2488.7341,2563.866120893709,2211.9316
1192,2024-01-18 16:00:00,2547.0,2574.0,2562.4958,2634.156794466353,2430.6104
1193,2024-01-18 17:00:00,2519.0,2426.0,2521.907,2476.3944790406367,2502.8457
1194,2024-01-18 18:00:00,2467.0,2409.0,2511.3115,2528.382332823259,2467.91
1195,2024-01-18 19:00:00,2419.0,2381.0,2434.019,2413.710107906156,2468.9714
1196,2024-01-18 20:00:00,2362.0,2334.0,2387.9758,2407.441775560483,2444.5793
1197,2024-01-18 21:00:00,2344.25,2360.0,2322.4485,2320.4545372537104,2446.1667
1198,2024-01-18 22:00:00,2326.5,2361.0,2335.9626,2345.4360372795945,2238.9139999999998
1199,2024-01-18 23:00:00,2308.75,2276.0,2314.7874,2301.860156663679,2270.4524
1200,2024-01-19 00:00:00,2291.0,2433.0,2296.692,2300.260980634837,2324.4626
1201,2024-01-19 01:00:00,2172.0,2392.0,2281.6528,2272.960083131018,2056.3286
1202,2024-01-19 02:00:00,2286.0,2387.0,2080.6294,2100.068346902421,2033.13
1203,2024-01-19 03:00:00,2396.0,2467.0,2395.3223,2387.5701116053438,2465.6035
1204,2024-01-19 04:00:00,2383.0,2437.0,2469.6956,2386.801647206857,2566.7960000000003
1205,2024-01-19 05:00:00,2376.0,2385.0,2355.6882,2366.5479233643405,2268.6897
1206,2024-01-19 06:00:00,2415.0,2376.0,2369.3677,2367.8074782791573,2293.7322
1207,2024-01-19 07:00:00,2519.0,2273.0,2443.375,2429.1850071467625,2470.132
1208,2024-01-19 08:00:00,2629.0,2195.0,2591.995,2557.3131439180424,2393.879
1209,2024-01-19 09:00:00,2746.0,2047.0,2696.5498,2654.1351258117784,2541.6375
1210,2024-01-19 10:00:00,2515.0,1902.0,2816.015,2781.284179575683,2801.994
1211,2024-01-19 11:00:00,2219.0,1815.0,2304.1997,2335.3625011055938,2283.1106
1212,2024-01-19 12:00:00,2076.0,1896.0,2008.22,2136.7672981459127,1891.2007
1213,2024-01-19 13:00:00,2246.0,2062.0,2005.8038,2030.5091640201088,2161.1926
1214,2024-01-19 14:00:00,2763.0,2176.0,2406.269,2366.440707685762,2439.4556
1215,2024-01-19 15:00:00,2711.0,2187.0,3152.9159999999997,2984.563986816109,3052.5867
1216,2024-01-19 16:00:00,2560.0,2132.0,2593.0908,2523.165909974652,2879.0322
1217,2024-01-19 17:00:00,2349.0,1976.0,2427.6323,2565.0714766648034,2440.3362
1218,2024-01-19 18:00:00,2116.0,1812.0,2186.6318,2203.2574088982237,2261.4167
1219,2024-01-19 19:00:00,1995.0,1653.0,1951.4661,2053.5494420638024,1892.3944
1220,2024-01-19 20:00:00,1831.0,1607.0,1932.7620000000002,1952.4159605244784,2087.9265
1221,2024-01-19 21:00:00,1652.0,1545.0,1722.2227,1753.0402562875463,1635.7817
1222,2024-01-19 22:00:00,1596.0,1507.0,1539.1174,1589.9202263778961,1424.285
1223,2024-01-19 23:00:00,1469.0,1491.0,1586.2437,1600.58065979307,1572.6007
1224,2024-01-20 00:00:00,1456.0,1385.0,1376.6779999999999,1391.703291697954,1366.2574
1225,2024-01-20 01:00:00,1420.0,1312.0,1470.4229,1498.8898735927614,1480.5488
1226,2024-01-20 02:00:00,1354.0,1289.0,1392.1447,1375.9044972542592,1427.7098
1227,2024-01-20 03:00:00,1179.0,1267.0,1306.1414,1346.048950795117,1303.2642
1228,2024-01-20 04:00:00,1016.0,1225.0,1047.3005,1085.506605868347,1087.6526
1229,2024-01-20 05:00:00,1036.0,1297.0,914.86414,985.3497440359448,892.7510000000001
1230,2024-01-20 06:00:00,1010.0,1333.0,1083.1901,1078.5314281000938,1099.9855
1231,2024-01-20 07:00:00,930.0,1319.0,988.9106,980.0361543960009,1038.4052
1232,2024-01-20 08:00:00,941.0,1334.0,876.39685,912.8789739977012,858.31305
1233,2024-01-20 09:00:00,1103.0,1288.0,968.74945,971.5250303093035,926.6692
1234,2024-01-20 10:00:00,1286.0,1253.0,1233.9175,1193.7324446992768,1307.7917
1235,2024-01-20 11:00:00,1289.0,1224.0,1409.4543,1349.2455902786278,1443.3492
1236,2024-01-20 12:00:00,1387.0,1158.0,1257.1760000000002,1258.805639452537,1236.0962
1237,2024-01-20 13:00:00,1356.0,1197.0,1466.0629,1470.3223408664967,1554.5215
1238,2024-01-20 14:00:00,1628.0,1328.0,1304.4647,1291.4227616098747,1326.9756
1239,2024-01-20 15:00:00,1842.0,1515.0,1858.7736,1834.2603935402442,1856.1008
1240,2024-01-20 16:00:00,2261.0,1674.0,1965.3619,1842.8985081916048,1869.63
1241,2024-01-20 17:00:00,2730.0,1828.0,2567.4136,2504.995642866128,2607.8423
1242,2024-01-20 18:00:00,3088.0,1958.0,3036.5286,2846.936897556773,3171.8086
1243,2024-01-20 19:00:00,3487.0,2077.0,3284.635,3208.068807969006,3291.5293
1244,2024-01-20 20:00:00,3816.0,2360.0,3730.3997,3622.7639368392843,3797.2527
1245,2024-01-20 21:00:00,3870.0,2598.0,3998.7870000000003,3893.176226400509,4153.65
1246,2024-01-20 22:00:00,4182.0,2816.0,3839.3984,3813.671570834805,3805.0
1247,2024-01-20 23:00:00,4360.0,3021.0,4398.577,4054.4534768799626,4433.2407
